id,href,date_time,text,img
1,https://tvrain.ru/teleshow/vechernee_shou/sedmoj_sozyv_gosdumy-532112/,18 01:10,"
Начали с дискуссий, закончили бешеным принтером: чем запомнится седьмой созыв Госдумы
Сегодня мы прощаемся с седьмым созывом Госдумы. Пятилетний срок подходит к концу, вот-вот Владимир Путин подпишет указ о проведении новых выборов в парламент. Нельзя сказать, что мы будем скучать по этой Думе: одобрение обнуления, запрет структур Алексея Навального, ужесточения и ограничения, — вот чем запомнится этот созыв. Подробнее итоги деятельности созыва обсудили с политологом Аббасом Галлямовым. Политолог отмечает, что в первые годы работы седьмой созыв существенно отличался от предшествующих, вел себя гораздо более независимо по отношению к Кремлю и правительству, «внушал оптимизм и надежду». Существенно ухудшаться ситуация, по мнению Галлямова, стала по мере роста протестных настроений, примерно с середины 2020-го года, и особенно сильно — в последние месяцы.Галлямов подчеркивает, что наряду с законотворческой, другой важнейшей функцией парламента является представительная (предыдущими созывами не выполнявшаяся). Назначение спикером Госдумы Вячеслава Володина, «сильного аппаратчика», было попыткой Путина сделать парламент полноценным институтом, способным наладить диалог власти с обществом. Именно поэтому на начальном этапе Дума в этом созыве могла действовать независимо от Кремля и правительства, но на условиях лояльности президенту. При этом такая попытка, по мнению Галлямова, была обусловлена тем, что власть не видела для себя каких-либо угроз — к тому моменту протесты на Болотной площади остались уже в прошлом, а рейтинг президента достигал рекордно высоких значений на фоне установки «крымского консенсуса»:«Проблема Болотной прошла, Крым ее обнулил, возник крымский консенсус, рейтинг вот этот пресловутый — 87%. И ощущение опасности, оно чуть-чуть у властей рассосалось. У Путина, в частности, было ощущение эйфории. И в такой ситуации... Путин — это же не Лукашенко, он гораздо умнее его, и он в принципе в глубине души понимает бесперспективность тупого такого авторитаризма, солдафонщины. И он попытался создать нормальный полноценный институт. То, что он на протяжении почти всего своего президентства уничтожал институты для укрепления личной власти — с точки зрения долгосрочных перспектив это же очень плохо, и он это понимал. И Володину была поручена такая важная миссия — воссоздание парламента как нормального полноценного института. Именно поэтому Володин получил карт-бланш и мог себе позволить противостоять и политическому кремлевскому менеджменту, и правительству. То есть Путин ему разрешил. <...> Володин говорит: давайте мы это сделаем, улучшим качество диалога между властью и населением, не будем протестные настроения без необходимости провоцировать. И он двинулся в этом направлении, он сыграл эту роль достаточно эффективно. <...> Поначалу вот это миндальничание, заигрывание с правами и свободами началось — просто власти казалось, что ей ничто не угрожает. Но последние-то полтора года что происходило? Рост протестных настроений, угроза проиграть выборы, и у власти усилилось ощущение опасности. А в ситуации, когда власть чувствует, что ей что-то угрожает — понятно, она становится агрессивной и все эти свои реформы сворачивает, такое в истории России бывало неоднократно. Беларусь тут еще напугала очень сильно, они воочию увидели, как это может быть, и, соответственно, они прекратили миндальничать и стали закручивать гайки по полной», — сказал Галлямов.Деятельность ФБК запрещена на территории РФПо решению Минюста России ФБК включен в реестр НКО, выполняющих функции иностранного агентаФото: Госдума",NULL
8,https://tvrain.ru/teleshow/vechernee_shou/o_chem_doprashivajut_novyh_figurantov_dela_doxa-532107/,17 22:55,"
«Так или иначе всю редакцию вызовут»: о чем допрашивают новых фигурантов дела DOXA
Редакторов студенческого журнала DOXA Тиму Мутаеву, Марию Безверхую, Германа Нечаева, Екатерину Мартынову и Михаила Постникова вызвали на допрос в Следственный комитет. Он должен был состояться 17 июня. Пока все они проходят по делу в качестве свидетеля. Само же оно было возбуждено о вовлечении несовершеннолетних в участие в митингах. Дело связано с видео, в котором говорилось, что исключение студентов из вуза по политическим мотивам — незаконно. Подозреваемыми по делу проходят четверо других сотрудника DOXA, они вину не признают. Их держат фактически под домашним арестом. Всем грозит до 3 лет лишения свободы. Маша Безверхая, редакторка DOXA, рассказала Дождю подробности.«Мы думаем, что так или иначе всю редакцию будут вызывать потихоньку. Вопросы задают одинаковые. Из серии: „Кто главный редактор?“, „Как устроена работа редакции?“ — но это, опять же, со слов ребят. Завтра я узнаю все сама лично. Откуда DOXA берет деньги и так далее. Все ссылаются на 51-ю статью Конституции и больше ничего не рассказывают. Допрос длится час-полтора», — рассказала Безверхая. Фото: ТАСС",NULL
6,https://tvrain.ru/teleshow/vechernee_shou/yaroshenko-532106/,17 23:14,"
Три сценария для Ярошенко: как российского летчика могут вернуть в Россию после встречи Путина и Байдена
Еще одной темой, ставшей предметом обсуждения на переговорах Владимира Путина и Джо Байдена, стал обмен заключенными, которые находятся в российских и американских тюрьмах. Обсудили с адвокатом Алексеем Тарасовым, может ли в число подлежащих обмену попасть Константин Ярошенко. Россиянин Ярошенко был осужден в 2011 году в США за попытку контрабанды наркотиков. Сам Ярошенко вину не признал, но был приговорен к 20 годам лишения свободы. Дело уникально тем, что Ярошенко стал первым россиянином, задержанным США на территории третьей страны и доставленным в Америку для проведения судебного процесса. «После Константина Ярошенко эта практика вошла в обиход», — отмечает его адвокат. Тарасов рассказал, что процедура обмена заключенными не предусмотрена судебной системой США. Однако Минюст имеет определенные полномочия в этой части, в том числе по Конвенции Совета Европы о передаче осужденных лиц. Так, ведомство может передать иностранца на родину при наличии соответствующего запроса из этого государства. Еще один вариант, по которому Ярошенко может быть передан на родину — президентское помилование со стороны Байдена. Кроме того, еще в прошлом году подавались прошения об освобождении Ярошенко в связи с угрозой заражения коронавирусом, и окончательное решение по ним пока не принято. Если они будут удовлетворены судом, то Ярошенко также может быть освобожден.  ",NULL
2,https://tvrain.ru/teleshow/vechernee_shou/korporativny_nalog-532111/,18 00:44,"
«Путин переживает за корпорации, зарегистрированные в офшорах»: кто пострадает из-за повышения корпоративного налога в странах «семерки»
В начале июня, после нескольких лет обсуждений, страны G7 согласились ввести минимальный налог для международных корпораций в размере 15%. По плану участников соглашения, это заставит крупнейшие компании платить больше налогов в странах, где в основном живут пользователи их услуг. В первую очередь, такая мера коснется ведущих IT-компаний, таких как Google, Amazon или Apple. Многие из них зарегистрированы в странах с очень низким корпоративным налогом — например, в Ирландии. Пока в России с опасением относятся к западным нововведениям. Глава ФНС Даниил Егоров сказал, что «это необходимо обсчитать с точки зрения суверенных интересов». Как в России отреагируют на изменение международных фискальных правил игры — обсудили с руководителем направления «Фискальная политика» экономической экспертной группы Александрой Осмоловской-Суслиной.Фото: kremlin.ru",NULL
3,https://tvrain.ru/teleshow/vechernee_shou/dvortsovoe_delo-532110/,18 00:40,"
Волна преследований за акции Навального: как продолжают судить по «дворцовому делу»
В Екатеринбурге сегодня начался суд над двумя молодыми людьми, которые на акции в поддержку Навального бросили в строй ОМОНа дымовую шашку и учебную гранату. 21-летнего Алексея Конькова и 23-летнего Кирилла Кудрина обвиняют по двум статьям: хулиганство и применение насилия в отношении представителей власти. По первой они вину признали, со второй частью обвинения не согласны.Примечательно, что сотрудников ОМОНа, которые проходят потерпевшими, засекретили. В деле они проходят как прапорщики «Иванов» и «Петров». Из материалов известно и о том, как они пострадали от дымовой шашки — полицейские испытывали физическую боль, у них начали слезиться глаза и испортилось обмундирование. Также сегодня в Курске фигуранту «дворцового дела» Артему Сазонову назначили год исправительных работ, его обвиняли в нападении на полицейского во время акции 23 января.  Всего в рамках «дворцового дела», по словам юриста «ОВД-Инфо» Дмитрия Пискунова, заведено 130 уголовных дел. При этом по статье 318 — применение насилия в отношении представителя власти — людей осуждают быстрее всего. 10 человек уже получили реальные сроки заключения в колонии. Пискунов отмечает, что насилие на подобных акциях всегда провоцируется именно правоохранителями. «Если никто не вмешивается, не разгоняет мирную акцию, то она и проходит мирно. <...> В каждом таком случае необходимо делать скидку на то, что такое насилие происходило на акциях, люди были запуганы, на них набрасывается целая армия людей в униформе, с дубинками, в спецобмундировании, и испуганные люди могут действовать непредсказуемо, и, к сожалению, иногда на насилие отвечают насилием», — подчеркнул он. ",NULL
4,https://tvrain.ru/teleshow/vechernee_shou/degtjarev-532108/,17 23:42,"
«Демонстрация полной управляемости»: почему Путин поддержал участие Дегтярева в выборах в Хабаровском крае
Михаил Дегтярев намерен и дальше руководить Хабаровским краем. Сегодня он даже получил благословение Владимира Путина на участие в выборах, президент пожелал ему удачи. До Дегтярева Хабаровским краем руководил тоже член ЛДПР, Сергей Фургал. Но летом прошлого года его задержали, а позже Путин освободил его от должности из-за утраты доверия. Вслед за этим в Хабаровске начались массовые акции протеста.Политолог Константин Калачев отмечает, что, когда Дегтярев только занял пост врио губернатора, его антирейтинг превышал рейтинг в два раза, к октябрю 2020 года показатели сравнялись, а затем началась положительная динамика.На встрече с Путиным Дегтярев, по словам политолога, пытался продемонстрировать свою полезность для хабаровчан — например, запросил 1,5 млрд на обустройство дворов. «В Хабаровске его, конечно, недолюбливают, но что касается края в целом — это половина избирателей — там с рейтингом все более-менее нормально», — добавил он.Кроме того, политолог считает, что выборы будут конкурентными лишь формально — против Дегтярева выставят несколько технических кандидатов для рассеивания протестных голосов, а по сути голосование будет безальтернативным и носить характер референдума. «Продавить Дегтярева — продемонстрировать полную управляемость в Хабаровском крае», — добавил Калачев.Фото: kremlin.ru",NULL
5,https://tvrain.ru/news/na_tsargrad_podali_zhalobu_iz_za_materiala_o_domashnem_nasilii-532103/,17 23:31,"
Оксана Пушкина и правозащитницы подали жалобу на «Царьград»
Депутат Госдумы Оксана Пушкина, правозащитницы Анна Ривина и Алена Попова и адвокат Мари Давтян подали жалобу на телеканал «Царьград». Они обратились в Общественную коллегию по жалобам на прессу. Об этом Пушкина рассказала РБК. По их мнению, «Царьград» показал сюжет о законопроекте о профилактике домашнего насилия только с позиции противников инициативы. Речь идет о материале «Как Запад поставляет депутатов в Госдуму: жесткие истории Оксаны Пушкиной», опубликованный в апреле на сайте «Царьграда». На странице телеканала во «ВКонтакте» он размещен под заголовком «Их цель — русские дети».Авторы жалобы считают, что репортаж и его текстовая версия «пропагандируют культ насилия и жестокости, способствуют дискриминации по признаку сексуальной ориентации и политических взглядов, умножают ненависть и предрассудки». По мнению Давтян, целью авторов материала была дискредитация правозащитников.Репортаж «Царьграда» просят проверить на злоупотребление свободой массовой информации и нарушение принципов и норм журналистской этики. «Царьград» основал бизнесмен Константин Малофеев. С 2014 года он находится под санкциями Евросоюза и США из-за подозрений в финансировании сепаратистов на востоке Украины. В 2020 году аккаунт канала на YouTube заблокировали за «нарушение экспортного законодательства».Фото на превью: Оксана Пушкина / Facebook*По решению Минюста России центр «Насилию.нет» включен в реестр организаций, выполняющих функции иностранного агента",NULL
7,https://tvrain.ru/teleshow/vechernee_shou/efir-532105/,17 23:05,"

Как Собянину придется ответить на коронакризис, почему Путин защитил Байдена от пропаганды и что поможет Дегтяреву выиграть выборы в Хабаровске
В Москве существенно выросло число новых случаев заболевания коронавирусом, мэр Сергей Собянин сообщил, что в скором времени возможно введение жестких карантинных ограничений. Глава Роспотребнадзора Анна Попова связала ухудшение обстановки с распространением новых штаммов. В России растет черный рынок продажи сертификатов о прохождении вакцинации с занесением в федеральный реестр. В Екатеринбурге начался суд над двумя участниками акции в поддержку Навального, бросившими в строй ОМОНа учебную гранату и дымовую шашку. Отец россиянки Софьи Сапеги обратился к Лукашенко с просьбой о ее помиловании, девушка была задержана после посадки самолета Ryanair вместе с Романом Протасевичем. Михаил Дегтярев станет кандидатом на выборах главы Хабаровского края, врио губернатора он был назначен после ареста Сергея Фургала. Еще нескольких редакторов студенческого журнала DOXA вызвали на допрос в СК. Подходит к концу пятилетний срок седьмого созыва Госдумы. Страны G7 введут минимальную ставку налога для международных корпораций — 15%. Эфир провел Владимир Роменский.",NULL
9,https://tvrain.ru/teleshow/vechernee_shou/mat_sofi_sapegi-532104/,17 22:38,"
«Это уже мужской крик»: мать Софьи Сапеги об обращении мужа к Лукашенко и о том, как ее не пустили к дочери
Отец россиянки Софьи Сапеги, арестованной в Минске, обратился к президенту Александру Лукашенко с просьбой ее помиловать. Девушка была задержана вместе с оппозиционным белорусским журналистом Романом Протасевичем после принудительной посадки самолета авиакомпании Ryanair. Андрей Сапега признает, что его дочь «помогала в работе» Роману Протасевичу, экс-главреду телеграмм-канала NEXTA, но уверен, что на эти действия ее толкнула любовь. Андрей Сапега также попросил губернатора Приморского края помочь с организацией его личной встречи с Лукашенко. Белорусский президент ранее ответил на приглашение посетить дальневосточный регион России, однако точной даты так назначено и не было. Анна Дудич, мама Софьи Сапеги, рассказала Дождю подробности.«Когда отец Софьи записывал это видео, вы же понимаете прекрасно, что это видимо уже мужской крик, это попытка, еще одна попытка как-то достучаться, чтобы нас услышали. Я полностью поддерживаю каждое слово, что он сказал, но, понимаете, в нашем случае все меры хороши. Мы должны помочь своей дочери, это сейчас главная задача в нашей жизни. Поэтому будем делать и в дальнейшем, предпринимать дальнейшие шаги, чтобы ее освободить, чтобы ее помиловали», — рассказала Дудич. По ее словам, от российских представителей в Беларуси неизвестно о каких-то конкретных действиях. Она подчеркнула, что все, что могут сделать дипломатические службы, они выполняют. Дудич уверена, что на ситуацию с Софьей Сапегой может повлиять Владимир Путин. «Мы и сами не могли предположить, что мы окажемся в этой ситуации, в этой шумихе», — добавила она. Фото: инстаграм Софьи Сапеги",NULL
10,https://tvrain.ru/teleshow/vechernee_shou/pochemu_putin_sdelal_kompliment_bajdenu-532102/,17 22:09,"
«Расставляют фигуры, чтобы начать партию»: почему Путин сделал комплимент Байдену
Встреча Путина и Байдена стало одним из главных событий лета 2021 года. В том числе, для самого Владимира Путина. Он 17 июня участвовал в онлайн-встрече с выпускниками программы развития кадрового резерва Высшей школы госуправления РАНХиГС. И даже на этой встрече главной темой был саммит. Путин сказал, что его беспокоит вывод американских военных из Афганистана, ситуация с кибербезопасностью и сотрудничество со Штатами в этой сфере. Президент России также объяснил, почему Джо Байден, с его точки зрения, иногда ошибается в своих выступлениях. Обсудили итоги встречи и заявления Путина с Евгением Минченко, президентом холдинга «Минченко консалтинг», политтехнологом.«Надо каким-то образом договариваться. Отношения, действительно, у последней черты, на мой взгляд, были в последнее время. И риски были очень высокие. Вот, на мой взгляд, важная вещь, о которой Байден именно сказал Владимиру Владимировичу, так, походя. А именно — не допустить какого-то столкновения, какого-то быстрого конфликта, который может привести к военному столкновению. Потому что эти протоколы у нас были во время Холодной войны, а в последнее время они были утрачены. Я совершенно точно это говорю, потому что общался с нашими специалистами, которые этой проблематикой занимаются. То есть, на самом деле, Путин обсуждал очень горячие вопросы и, естественно, для него очень важно демонстрировать уважение, в том числе и публично, к человеку, с которым он разговаривал», — рассказал Минченко.Фото: пресс-служба Кремля",NULL
11,https://tvrain.ru/news/mat_sofi_sapegi_ne_pustili_v_sizo_v_minske_na_svidanie_s_docherju-532100/,17 21:59,"
Мать Софьи Сапеги не пустили в СИЗО в Минске на свидание с дочерью
Анну Дудич, мать россиянки Софьи Сапеги, которая находится в СИЗО КГБ Беларуси по обвинению в разжигании социальной розни, не пустили на свидание с дочерью. Об этом Дудич рассказала в эфире Дождя. «Я просила свидание, отказ был обоснован эпидемиологической обстановкой», — сказала мать Сапеги и добавила, что не видела дочь очень давно. Дудич отметила, что адвокаты не могут делиться информацией о Сапеге из-за подписки о неразглашении. «Мы черпаем всю информацию из СМИ», — рассказала мать девушки. Он добавила, что получает письма от дочери, в которых она пишет о намерении «пройти этот путь очень достойно».17 июня отец Софьи Сапеги Андрей Сапега опубликовал видеообращение к президенту Беларуси Александру Лукашенко, в котором попросил о личной встрече с ним и о милосердии к дочери.Софью Сапегу вместе с бывшим главным редактором NEXTA Романом Протасевичем задержали 23 мая в Минске после экстренной посадки самолета Ryanair, летевшего из Афин в Вильнюс. Сапега и Протасевич арестованы и находятся в СИЗО КГБ Беларуси в Минске. В СК Беларуси заявили, что Сапега обвиняется в разжигании социальной розни, а также проходит подозреваемой по делу об организации групповых действий, грубо нарушающих общественный порядок. Белорусские власти утверждают, что она была администратором телеграм-канала «Черная книга Беларуси», который публиковал персональные данные силовиков. Фото на превью: София Сапега / Instagram",NULL
12,https://tvrain.ru/teleshow/vechernee_shou/voprosy_bez_otveta_k_objazatelnoj_vaktsinatsii-532101/,17 21:57,"
«Как уволить человека, у которого семья?» Вопросы без ответа к обязательной вакцинации в Москве и области
Работодатели в Москве и Московской области теперь обязаны вакцинировать 60% сотрудников. Эти требования касаются сферы торговли, услуг, ЖКХ, госслужбы, транспорта и образования. Кемеровская область также присоединилась к этим мерам. Остальные регионы новые требования пока не дошло. О проблемах принудительной вакцинации — в материале Дождя. Фото: Сергей Мальгавко/ТАСС",NULL
13,https://tvrain.ru/teleshow/vechernee_shou/ukraina-532098/,17 21:45,"
«Услышали четкие месседжи»: как в Украине оценивают встречу Байдена с Путиным
Итоги саммита Путина и Байдена подводят и в Украине. Владимир Зеленский — пожалуй, скрытый участник этих переговоров, а Украина — одна из самых зависимых от их исхода третьих стран. Зеленский говорил с Байденом до саммита, просил об очных переговорах, но поедет в Вашингтон лишь летом. Довольны ли саммитом в Киеве — узнали у Никиты Потураева, народного депутата Украины от фракции «Слуга народа», главы комитета по гуманитарной и информационной политике Верховной рады. «Мы не ожидали ничего сверхординарного, но мы услышали от президента США абсолютно четкие месседжи по поддержке суверенности и территориальной целостности нашей страны. Поэтому у нас все хорошо на самом деле», — отмечает Потураев.Депутат сообщил, что на предстоящей встрече Зеленского и Байдена президент Украины намерен обсудить перспективы вступления в НАТО и Евросоюз. «Нас интересует только конкретный тайминг, конкретные планы, и мы на этом настаиваем, президент Зеленский на этом настаивает — чтобы получить конкретный тайминг интеграции в европейские, евроатлантические структуры, вот и все», — добавил Потураев.Фото: zelenskiy_official / Instagram",NULL
14,https://tvrain.ru/teleshow/vechernee_shou/vylivajut_vaktsinu_v_unitaz-532099/,17 21:40,"
«Выливают вакцину в унитаз»: как работает черный рынок сертификатов о вакцинации от ковида
Учитывая уровень недоверия даже к «Спутнику V», не говоря уж об «Эпиваккороне», растет рынок по продаже прививочных паспортов и сертификатов. Корреспондент Дождя Эдуард Бурмистров узнал, как купить справку о вакцинации и популярна ли эта услуга среди россиян.
 Купить сертификат о вакцинации без самой вакцинации реально, лишь бы были деньги. При этом вы получите не просто некий напечатанный документ, данные о вашей якобы вакцинации даже занесут в федеральный регистр.О продаже сертификатов о вакцинации заговорили еще в марте, уже летом об этом писали в «Коммерсанте», Baza и издание The Forbes. Сейчас, когда история рассказана, купить сертификат можно буквально в несколько кликов. Для этого совсем не нужно быть программистом и обладать какими-то специальными навыками расследователя. Эдуард Бурмистров связался с несколькими продавцами.Цена у разных продавцов отличается: примерно от 5 до 15 тысяч рублей, но нужно еще учитывать, что есть и мошенники, которые ничего не делают, а лишь забирают деньги. Сейчас же, как предполагают эксперты, этот черный рынок только растет. Не только из-за сезонов отпусков, но, в том числе, из-за принудительной вакцинации.Эта схема стала возможна благодаря тому, что у врачей есть доступ к федеральному регистру. С их стороны это выглядит достаточно просто: они, по сути, просто утилизируют вакцину, при этом по документам все проводят. Журналист Андрей Каганских, который для издания Baza написал большой текст про рынок продажи сертификатов, не уверен, что в этой истории могут быть замешаны высокопоставленные чиновники.Фото: Сергей Мальгавко/ТАСС",NULL
15,https://tvrain.ru/teleshow/vechernee_shou/epivak-532097/,17 21:15,"
VIP-вакцина: что не так с «ЭпиВакКороной», которую рекламировали Голикова и Соловьев
Пиар-компания «ЭпиВакКороны» была, наверное, самой мощной среди трех российских вакцин. Ее ставили чиновники, создавался имидж легкой прививки. Якобы, в отличие от «Спутника», побочных эффектов после нее гораздо меньше. Более того, эффективность «ЭпиВакКороны», как утверждают ее разработчики в эфире Владимира Соловьева, выше, чем у любой другой российской вакцины. Однако с течением времени к «ЭпиВакКороне» появляется все больше вопросов. Уже сами разработчики признают — через 9 месяцев антитела сохранятся лишь у половины привитых. Хотя совсем недавно утверждали, что вакцины хватит на год, а в некоторых случаях и на два. Впрочем, и эти заявления кажутся независимым экспертам ложью.Анатолий Альтштейн, профессор вирусологии: Мое личное мнение — что регистрация этой вакцины была ошибкой. Ее не нужно было регистрировать, ее не нужно было даже приводить в третью фазу, потому что, если нет антител к S-белку, если нет нейтрализующих антител, то такая вакцина не может быть эффективной. Мы не знаем ни одной противовирусной вакцины, которая была бы эффективна при том, что она не вызывает образования нейтрализующих антител. Роспотребнадзор, тем временем, настаивает — «ЭпиВакКорона» не хуже «Спутника V». Меньше месяца назад ведомство опубликовало статью в российском научном журнале. Ее объективность ставит под сомнение хотя бы то, что один из создателей этой вакцины — глава Роспотребнадзора Анна Попова. Однако даже в этой работе не предоставлено убедительных доказательств эффективности «ЭпиВакКороны». А у авторов независимых исследований результаты еще более удручающие.Андрей Криницкий, глава инициативной группы исследователей вакцины: Мы увидели, что у «Спутника» все в порядке — совпадает то, что в «Ланцете», то, что в новостях говорят, и то, что получилось у нас. Мы поняли, что со «Спутником» все в порядке, и я, как получивший плацебо, вышел из исследований «Спутника», перешел в «ЭпиВакКорону», чтобы теперь там все проверить. Мы начали все то же самое по шагам повторять, и как-то у нас прямо очень сильно не совпало с тем, что сообщали в новостях, что сообщали в подведомственных научных журналах. Главная проблема «ЭпиВакКороны», по мнению экспертов, — отсутствие вирус-нейтрализующих антител у привитых. А для некоторых вакцина и вовсе оказывается бессмысленной.Андрей Иванов, журналист Business FM: Вирусный маркетинг произошел. Мне сказали, что «ЭпиВакКорона» — это самая-самая такая безопасная, инновационная и очень VIP-овская вакцина, и я побежал участвовать в клиническом исследовании, чтобы получить возможность привиться «ЭпиВакКороной». И оказалось, что после «ЭпиВакКороны» никакой реакции нейтрализации не происходит, что доказало мне необходимость срочно ревакцинироваться «Спутником», реакция на который все-таки есть, и достаточно хорошая. Поэтому через три недели я поставил не второй компонент «ЭпиВакКороны», а первый компонент «Спутника».  Но пока третья фаза клинических испытаний «ЭпиВакКорны» продолжается. Результаты будут только осенью, что не мешает ее создателям планировать поставки препарата в Латинскую Америку и его регистрацию в ВОЗ. А спрос на вакцину внутри России, как они радостно утверждают, только растет. Фото: пресс-служба Роспотребнадзора / Агентство «Москва»",NULL
16,https://tvrain.ru/news/glava_agory_rasskazal_o_besperspektivnosti_obzhalovanija_objazatelnoj_vaktsinatsii_v_espch-532095/,17 21:03,"
Глава «Агоры» рассказал о бесперспективности обжалования обязательной вакцинации в ЕСПЧ
Главные санитарные врачи имеют право вводить обязательную вакцинацию, такие решения не получится обжаловать в Европейском суде по правам человека. Об этом в своем телеграм-канале написал глава международной правовой группы «Агора» Павел Чиков.Чиков отмечает, что в ЕСПЧ возможны претензии к деталям постановления об обязательной вакцинации: например, об обоснованности включения определенных категорий людей в сферу обязательного вакцинирования или уровне принятия решения. При этом глава «Агоры» отмечает, что в апреле ЕСПЧ не нашел нарушения конвенции о правах человека в обязательной вакцинации детей в Чехии. «Более того, Европейский суд по правам человека признал правомерным административное наказание родителей за отказ от обязательной вакцинации детей. При наличии такой позиции успешный заход на ЕСПЧ здесь по сути исключен», — отметил Чиков. 16 июня власти Москвы объявили об обязательной вакцинации 60% сотрудников сферы услуг и госучреждений. Компаниям, в которых к середине июля не будет необходимого числа привитых сотрудников, грозят штрафы на сумму от 50 тысяч до миллиона рублей или приостановка деятельности на срок до 90 дней. Компании могут отстранять от работы без зарплаты сотрудников, которые отказываются прививаться.Обязательную вакцинацию также объявили в Московской области, Кузбассе и на Сахалине.Фото на превью: Mos.ru",NULL
17,https://tvrain.ru/teleshow/vechernee_shou/kovid_v_moskve-532096/,17 20:43,"
Резкое ухудшение ситуации с ковидом в Москве: кто виноват — новый штамм или власти?
Коронавирус не ушел. Россия его пока не победила и дальше стоит ждать новых радикальных ограничений. Неожиданное, даже на фоне роста числа заболевших, совещание координационного совета по борьбе с инфекцией — тому лишнее подтверждение. На нем мэр Москвы Сергей Собянин анонсировал завтрашний показатель — 9 тысяч заболевших в столице, сегодня их около 6. А в целом по России — больше 14 тысяч. Среди прочего, обсуждались и дальнейшие действия по борьбе с covid-19. И, кажется, новый локдаун может наступить уже скоро. Этот совет не собирался с апреля, и сегодня мэр Собянин, по сути, объявил премьеру Мишустину, что будет сам решать, вводить локдаун или нет. Анна Попова, руководитель Роспотребнадзора, заявила, что проблема в новых штаммах, а вовсе не в проваленной вакцинации. Попова — один из разработчиков вакцины «ЭпиВакКорона». Действительно ли новые опасные штаммы всему виной — узнали у эпидемиолога и президента DiaPrep System Михаила Фаворова.Здравствуйте!Добрый день!Следили ли вы за этим совещанием? Что думаете, действительно ли новые опасные штаммы всему виной?Вы знаете, это прием, который был использован в Индии, где система общественного здравоохранения рухнула, как только цифры перешли какой-то определенный этап. Конечно, разве может быть виновато в этом общественное здравоохранение Индии? Конечно же, виноват новый штамм. Если бы у вас были все привиты нормальными вакцинами, «Спутником», я не знаю, РНК-вакцинами, да, не было бы такой ситуации.Поэтому тень на плетень не надо наводить, у вас не было выполнено то, что было необходимо выполнить. Да, у вас была возможность выполнить. У вас 10%, даже 15%, считая тех, кто один раз привился, они уже защищены. Лично эти люди защищены, но никакого влияния на пандемию это не оказывает. В этом отношении она права, что их прививали, что нет, не имеет значения для пандемии.Да, в России пошел этот подъем позже, но почему он индийский? Индийский занимает там меньше 5%, там британский, тот самый, который только что закончился в Украине. Поэтому все это слушать мне очень так раздражительно.Власти Москвы находятся очень близко к более жестким решениям по ограничению в борьбе с коронавирусом, временным, но жестким, говорит Собянин. Насколько эти меры могут помочь в борьбе с пандемией?Прежде всего это правильно, абсолютно необходимо. Никакого отношения к борьбе с пандемией это не имеет, это имеет отношение только к тому, что будет меньше умирать людей, потому что во время пика, подъема заболеваемости нарастает смертность, мест в больницах не хватает. Были случаи в Бразилии, были случаи в Перу, люди лежали на улицах и умирали в машинах скорой помощи, их некуда было класть.Вот для этого вводится локдаун ― растянуть эпидемию. Перестаньте, не разрешайте никому говорить, что это борьба с эпидемией, нет, люди выйдут из локдауна и опять заразятся, невозможно не заразиться новым агентом, если вы не привиты. А если у вас 15% популяции привито, то программа вакцинации в России, где была первая вакцина зарегистрирована, программа, которая… Это не просто вакцина, а программа, кто, куда, когда, что ― вот самое главное. Это провалено.Принудительная вакцинация, о которой уже принято решение в ряде регионов, поможет ли России?Меня не полюбят, конечно, обзовут совком, но другого способа нет. Нельзя допустить, чтобы любые люди, которые работают с людьми, могли быть источником или могли быть восприимчивы. Это принципиальный момент для прекращения механизма передачи. Мы все родом из СССР, и в СССР нас бы всех построили и как миленьких привили в течение одного дня. Но так как вакцин не хватало для такого решения, а теперь это может быть иначе, то оно не было принято, а покрышка была ― ну что вы, мы такие либералы, мы только хотим… Не было вакцин, не морочьте мне голову.Давайте поговорим про индийский штамм. Насколько он опасен? Уже говорят, что адаптируют «Спутник» под него. Как много времени на это нужно и вообще необходимо ли это?Мухи отдельно, варенье отдельно. Штамм действительно циркулирует с тремя мутациями и был переведен по решению Центра по контролю заболеваемости Соединенных Штатов из штамма так называемого интереса, то есть за которым надо следить, мониторировать и так далее, в штамм concern, то есть проблемный. Это говорит о том, что теперь гораздо большие усилия будут именно на этот штамм, его определение.Но в Соединенных Штатах нет доказательств, что вакцина не действует. 70% людей вакцинировано, из них заболело, вы знаете, 4,5 тысячи человек, что составляет 0,001%. Таким образом, обсуждать, работают вакцины или нет, очень трудно. Работает «Спутник» или нет, я не знаю, данных никто не публикует, это уже наш секрет. Но то, что они говорят, что они вам быстро его поменяют, а третью фазу они на поменянном будут делать или скажут: «И так хорошо, сойдет, что мы поменяли, три замены, три мутации сделали в аденовирусе»? Нет, ребята, так у вас не получится, никто так вам в ВОЗ и нигде в международном вакцинном комьюнити этого делать не разрешит. Это слишком много замен для того, чтобы могли просто по своему желанию потом прививать миллионы людей.Михаил, не могу вас не спросить про другую вакцину, «ЭпиВакКорону». Уже открыто говорится о ее неэффективности. Что вы думаете об этой вакцине?Я думаю, что нельзя разговаривать, говорить, что она неэффективна, и не запрещать ее. Либо она неэффективна, и ее надо запретить, либо она эффективна, и ее надо продолжать. Но когда человек, который принимает решение об эффективности данной вакцины, является автором вакцины, я вас умоляю.Те данные, которые уже озвучены, о том, что 50% из тех, на ком проводилось исследование, не обнаружили у себя антител, о чем свидетельствуют? Ведь лишь у 25% было плацебо.Извините, это ни о чем не свидетельствует. Только результаты защитного эффекта, только результаты: сколько заболело вакцинированных, сколько заболело не вакцинированных. Антитела ― это еще отдельная песня, никто никаких клинических исследований российских тестов, понимаете, международного стандарта на соответствие антител защитному эффекту не проводил.Он думал, что я думала, понимаете? Каждый думает, что если есть антитела, это хорошо, если их нет, то это плохо. Доказывать надо, надо показать, что нет заражения у тех, кто был привит, и есть у тех, кто был не привит. Но только, простите меня, это надо делать, чтобы вам доверяли. А если у вас, сами понимаете, так сказать, решение принимают те же, чья это вакцина, это, в общем-то, наводит на ощущение возможной коммерческой операции.У вас доверие к «ЭпиВакКороне» есть или нет?Нет никакого, единственная подобная вакцина используется в мире против парвовируса собак. Это одна зарегистрированная вакцина в мире. Следующая, конечно, российская против коронавируса.А доверие тогда какое может быть к самой прививочной кампании? Да и, мне кажется, на «Спутник V» тоже бросает тень эта история.Кампания провалена. Никто не занимался кампанией. Кампания ― это определенная система, очень сложная. Она строится, это была как раз моя работа в Международном институте вакцин в Сеуле, я делал в странах Африки и в странах, включая Пакистан во время всех контртеррористических актов, полмиллиона детей от брюшного тифа привили.Мы делали кампанию, это совершенно другая сфера, и это не было сделано в России вообще. Есть вакцина, открыли прививочные пункты, заходи, садись, ложись. Все, и никто ничего, ни пропаганды… Почему не показывают каждый день по всем каналам умирающих людей с масками на лице? Почему не берут у них интервью? Почему не работает система, которая должна работать, социального маркетинга вакцинации? Этого вообще даже никто и не делал.Поэтому я считаю, что «Спутник» ― нормальная вакцина. У меня есть, конечно, вы сами понимаете, ко всему на свете есть какие-то вопросы, у меня даже нет комментариев, у меня есть вопросы. Нормальная вакцина, она лучше AstraZeneca, это я вам могу доказать. Но при этом тот вид, в котором она подается, конечно, совершенно не вызывает доверия к этой вакцине. Вот примерно так.Фото: Ведяшкин Сергей / Агентство «Москва»",NULL
18,https://tvrain.ru/news/vo_vladimire_skoraja_privezla_patsienta_k_zdaniju_pravitelstva_iz_za_nehvatki_mest_v_bolnitsah-532093/,17 20:40,"
Во Владимире «скорая» привезла пациента к зданию правительства из-за нехватки мест в больницах
Бригада скорой помощи во Владимире привезла пациента с коронавирусом к зданию правительства региона из-за нехватки мест в больницах. Об этом сообщает «7х7» со ссылкой на фельдшера и активистку профсоюза медработников «Действие» Анну Митюкову. По словам Митюковой, машина скорой помощи простояла около больницы 20 минут со включенными мигалками. После этого место для пациента нашли в больнице в Муроме, который находится в 130 километрах от Владимира. Во всех владимирских больницах, оборудованных для лечения COVID-19, принимать пациента отказались. При этом он не мог сам дышать — у него отказало одно легкое.После этого бригада с согласия пациента отвезла его к зданию областного правительства.На следующий день от медиков потребовали написать объяснительные. При этом Митюкова сказала, что проблем у них не возникло: «Все было мирно. Руководство станции скорой сказало, что мы молодцы. Мы боролись за жизнь пациента в нашей бюрократической стране. Про объяснительные не могу что-то конкретно сказать. Они были написаны, чтобы не было проблем потом для нас». По официальным данным оперштаба по борьбе с коронавирусом, во Владимире нет резкого роста числа случаев заражения: с начала мая в регионе ежедневно фиксируется около 50 заболевших. При этом 17 июня губернатор Владимирской области объявил об увеличении числа мест для пациентов с COVID-19 почти до 900. В октябре 2020 года сотрудники станции скорой помощи в Омске приехали к зданию регионального Минздрава вместе с 70-летней пациенткой с коронавирусом из-за нехватки мест в больницах. После этого губернатор региона уволил местного министра здравоохранения.Фото на превью: Анна Митюкова / Instagram",NULL
19,https://tvrain.ru/teleshow/notes/renovatsija_obnulenie_ekstremizm_chem_nam_zapomnitsja_sedmoj_sozyv_gosdumy-532072/,17 20:15,"
Реновация, обнуление, экстремизм: чем запомнится седьмой созыв Госдумы
В четверг, 17 июня, прошло последнее заседание седьмого созыва Госдумы, который был сформирован в 2016 году. Еще около месяца депутаты, судя по регламенту, будут работать с избирателями, а осенью их сменит новый созыв. За пять лет депутаты успели принять много противоречивых законов. Дождь собрал главные — те, которыми запомнится эта Госдума.Седьмой созыв Госдумы приступил к работе в сентябре 2016 года. В этом созыве партия «Единая Россия» получила конституционное большинство в парламенте.В среднем нынешняя Госдума принимала более 500 законов в год — как правило, ускоряясь к декабрю (например, в декабре 2020 года Госдума за один день приняла более десяти запретительных законов).Закон о СМИ-иноагентах в ноябре 2017 года принимали с рекордной скоростью — между вторым и третьим его чтениями прошло всего 2,5 часа. При этом депутаты подчеркивали, что принимали закон вынужденно и неохотно.«Никто не хотел принимать такое решение среди нас, и оно никак не повлияет на свободу слова в нашей стране. Речь идет о возможности для исполнительной власти принять зеркальные меры в отношении тех стран, где ущемляется свобода действий, слова российских журналистов», — говорил вице-спикер Госдумы Петр Толстой.В конце 2020 года Госдума приняла еще один закон, касающийся иноагентов. Теперь в реестр СМИ, выполняющих функции иноагентов, могут попасть и физические лица, если Минюст сочтет, что они занимались политической деятельностью и получали деньги из-за рубежа. После принятия этого закона пятерых россиян объявили иноагентами. Среди них оказались журналисты, учительница русского и правозащитник Лев Пономарев.Весной 2021 года иностранными агентами за один месяц признали сразу несколько СМИ — «Медузу», «Первое антикоррупционное СМИ» и издание VTimes. На этой неделе Роскомнадзор, Генпрокуратура и комиссия Госдумы по иностранному вмешательству получили жалобу с просьбой проверить на предмет иностранного финансирования издание «Медиазона». Ее написал политтехнолог Максим Шугалей, которого СМИ связывают с бизнесменом Евгением Пригожиным.О реновацииПринятый в июне 2017 года закон о реновации разделил жителей Москвы на два лагеря — противников и сторонников принудительного обновления жилого фонда. Активисты, протестующие против этого закона, выходили на митинги, уличные акции и пикеты — в том числе, к Госдуме, но это не повлияло на итоговое решение. Власти предложили проводить слушания по конкретным домам онлайн — на московском портале «Активный гражданин», где жителям столицы предложили голосовать за или против реновации. Во время этого голосования активисты заметили многочисленные фальсификации. В декабре 2020 года реновацию распространили на все остальные регионы России.Законопроект о декриминализации побоев предложила защитница «традиционных ценностей» сенатор Елена Мизулина в 2016 году, а приняли его в начале 2017 года. Побои, совершенные впервые и без последствий, исключили из Уголовного кодекса — теперь за это грозит только административное наказание. Этот закон позволил вывести из-под наказания множество мужчин, избивающих своих жен. Особенной проблемой домашнее насилие стало в 2020 году — на фоне пандемии и локдауна, когда жертвам просто некуда было уйти, уровень домашнего насилия вырос более чем в два раза.Закон, вызвавший ожесточенную дискуссию и множество протестных акций, Госдума приняла осенью 2018 года. Возраст выхода на пенсию подняли: для мужчин — до 65 лет, для женщин — до 60 лет. Во время своих предыдущих сроков Путин несколько раз заявлял, что он категорически против повышения пенсионного возраста. «Пока я президент, такого решения принято не будет», — говорил он в 2005 году. О нецелесообразности повышения пенсионного возраста президент говорил также в 2007, в 2011, в 2012, в 2013, в 2015 и даже в 2017 году. Но закон в итоге был принят, всего через несколько месяцев после очередных президентских выборов.В апреле 2019 года был принят один из самых резонансных законов, касающихся регулирования интернета. Он был призван обеспечить «безопасное и устойчивое функционирование интернета на территории России», а по сути — подготовить интернет к возможной автономности и полной изоляции от глобальной сети. Если российскому интернету будет угрожать какая-либо опасность из-за границы (по мнению властей), Роскомнадзор возьмет на себя оперативное управление сетями и будет контролировать трафик через «технические средства противодействия угрозам» — их операторы должны установить у себя самостоятельно.В рамках исполнения этого закона Роскомнадзор должен был создать центр мониторинга и управления сетью и провести несколько масштабных учений в регионах России, чтобы протестировать оборудование. Но центр до сих пор не создан, а когда на Урале в тестовом режиме запустили оборудование, скорость интернета упала и сигнал ухудшился. После этого провели еще одно учение, но его результаты неизвестны. Все четыре теста, запланированные на 2020 год, в итоге были отложены, а по факту отменены.Поправки в Конституцию — один из самых резонансных законов, в поддержку которого власти развернули масштабную кампанию. Ключевой пункт поправок касался обнуления президентских сроков Владимира Путина — после принятия поправок он получил право избираться еще дважды начиная с 2024 года. Автором этой инициативы была депутат Госдумы и первая женщина-космонавт Валентина Терешкова, которая заявила, что ее об этом «попросили простые люди».После успешного обнуления президентских сроков Госдума взялась за выборное законодательство и решила распространить опыт многодневного голосования, опробованного на поправках в Конституцию, и на другие выборы. Голосование по поправкам проходило в течение трех дней. Избирательные участки располагались при этом не только в привычных местах вроде школ и зданий управ, но и в палатках, магазинах и в багажниках машин. Это голосование стало поводом для многочисленных шуток о том, как люди голосуют буквально «на пеньках». Позже глава ЦИК Элла Памфилова ответила на претензии словами, что расследование подтвердило только три случая голосования на пеньках, а все остальное — фейк.Законопроект о просветительской деятельности внесли в Госдуму в конце 2020 года, и все три чтения он прошел стремительно. Теперь любую деятельность, которую можно отнести к просветительской — научно-популярные лекции, семинары — нужно согласовывать, а контролировать ее будет правительство. Авторы объяснили внесение этого законопроекта деятельностью «антироссийских сил», которые «бесконтрольно реализуют в школьной и студенческой среде пропагандистские мероприятия». Против этого закона массово выступили ученые, блогеры и популяризаторы науки, которые указывали, что определение просветительской деятельности крайне широко и под него попадает буквально любой образовательный проект.Подписанный в декабре 2020 года закон о запрете цензуры в интернете позволяет блокировать ресурсы, ограничивающие доступ к значимой информации. Отдельно отмечено, что закон коснется тех платформ, которые «дискриминируют» материалы российских СМИ. Закон приняли в конце декабря 2020 года (вместе с рядом других запретительных законов), а вскоре Роскомнадзор начал активно рассылать зарубежным соцсетям требования прекратить ограничивать доступ к материалам СМИ, в основном государственных. Интернет-ресурсам грозят миллионные штрафы и замедление трафика. Последний вид наказания Роскомнадзор опробовал на Twitter, который, по данным ведомства, отказывался удалять запрещенные материалы так быстро, как это было необходимо. В связи с этим в марте Twitter действительно замедлили, но позже соцсеть пошла на переговоры и Роскомнадзор отменил замедление на стационарных компьютерах, но оставил на мобильных устройствах. Поспешно принятый Госдумой закон запрещает избираться всем, кто был причастен к деятельности экстремистских организаций — даже задолго до того, как суд признал их таковыми. Один из авторов законопроекта, депутат от «Единой России» Василий Пискарев, объяснял, что «коллективный Запад» хочет ослабить Россию и внедрить в российские органы власти своих агентов влияния через сеть организаций, в том числе экстремистских.В СМИ этот закон назвали «законом против ФБК*» — параллельно с его принятием суд рассматривал иск о признании ФБК* и Штабов Навального экстремистскими организациями. 9 июня иск был удовлетворен.Законом, принятым на исходе последней сессии — в мае 2021 года — Госдума ужесточила наказание за деятельность организаций, признанных нежелательными. Теперь уголовная ответственность для руководителей таких организаций будет наступать сразу, а не после двух административных привлечений. Им будет грозить от двух до шести лет лишения свободы.Еще один закон, касающийся нежелательных организаций, был принят спустя месяц — в июне. По нему уголовное наказание будет грозить и тем, кто поддерживает нежелательные организации финансово. За это предусмотрен реальный срок до пяти лет лишения свободы.Нежелательной организацией была признана в России созданная Михаилом Ходорковским «Открытая Россия». И хотя в список Минюста была внесена британская структура, в конце мая самоликвидировалось несвязанное с ним формально российское движение «Открытая Россия».*По решению Минюста России ФБК и Штабы Навального включены в реестр НКО, выполняющих функции иностранного агента*Деятельность ФБК и Штабов Навального запрещена на территории РФФото на превью: Дмитрий Духанин / Коммерсантъ",NULL
20,https://tvrain.ru/news/sobjanin_my_nahodimsja_ochen_blizko_k_zhestkim_ogranichenijam_iz_za_kovida-532094/,17 20:13,"
Собянин: мы находимся очень близко к жестким ограничениям из-за ковида
Мэр Москвы Сергей Собянин объявил, что власти города находятся «очень близко» к введению жестких ограничений из-за роста заболеваемости коронавирусом, передает «Интерфакс».«Мы находимся очень близко к более жестким решениям, — временным, но жестким решениям по ограничениям», — сказал Собянин.Он добавил, что пять дней назад в Москве было 13 тысяч коек для зараженных коронавирусом. «За несколько дней мы все „съели“ в ноль. За этот период нарастили еще три тысячи коек, и практически каждый день „съедается“ по 200-300 коек. За два дня „съедается“ мощность такой больницы как Коммунарка», — сказал Собянин.В ближайшее время число развернутых коек для больных коронавирусом в Москве достигнет максимума и составит 24 тысячи. В последние дни ситуация с коронавирусом в Москве резко ухудшилась. Это связывают с новым штаммом — более заразным.«К сожалению, то, с чем мы боролись в прошлом году, с китайским вирусом — уханьским, сегодня его в Москве практически нет; пришла новая мутация, новый штамм действует. Он более агрессивный, более тяжело переносится, быстрее распространяется. Пробивает значительно больше иммунитет человека», — сказал Собянин.По предварительным данным, 18 июня число новых заболевших в Москве превысит девять тысяч человек — это рекорд за все время пандемии.Журнал Forbes со ссылкой на источники писал, что в мэрии Москвы обсуждают возможность введения нового локдауна. Официально эта информация не подтверждалась — глава департамента торговли и услуг Москвы Алексей Немерюк назвал ее «бредом». ",NULL
21,https://tvrain.ru/news/morgenshtern_podal_v_sud_iz_za_zapreta_na_vezd_v_ukrainu-532089/,17 19:54,"
Моргенштерн подал в суд на СБУ из-за запрета на въезд в Украину
Рэпер Моргенштерн (Алишер Валеев) подал в суд из-за запрета на въезд в Украину, сообщили в пресс-службе Окружного административного суда Киева.Моргенштерн подал иск к Службе безопасности Украины.По обращению ведомства рэперу запретили въезд в страну. Он требует отменить это решение.В апреле Моргенштерна внесли в список людей, представляющих угрозу национальной безопасности Украины. Причиной в СБУ назвали то, что артист, по мнению спецслужбы, пропагандирует наркотики, насилие и жестокость.Власти Украины запрещают въезд в страну российским музыкантам, политикам и общественным деятелям с 2015 года. Всего в списке более 180 человек, в том числе Никита Михалков, Карен Шахназаров, Павел Лунгин, Александр Розенбаум, Михаил Боярский, Олег Газманов, Иван Охлобыстин и другие. Фото на превью: Моргенштерн / Instagram",NULL
22,https://tvrain.ru/news/sobjanin_zajavil_o_rezkom_uhudshenii_situatsii_s_koronavirusom_v_moskve-532091/,17 18:47,"
Собянин заявил о резком ухудшении ситуации с коронавирусом в Москве
Мэр Москвы Сергей Собянин заявил, что ситуация с коронавирусом в Москве резко ухудшается, и это «достаточно неожиданно» для властей. Об этом Собянин сообщил во время выступления на координационном совете правительства, его транслировала «Россия 24». «Более 60% москвичей либо переболели, либо сделали прививки — это большая популяционная прослойка. Мы ожидали не роста, а снижения», — сказал Собянин. Он добавил, что причиной роста, скорее всего, являются новые штаммы коронавируса, «более агрессивные и быстро распространяемые». По предварительным данным, прирост новых заболевших составит девять тысяч человек в сутки. До этого максимальное число зараженных фиксировали в декабре — за сутки заболели 8,2 тысячи человек.По словам Собянина, за последнее время число коек для больных ковидом выросло с 12 тысяч до 17 тысяч, планируется нарастить его до максимального количества — 24 тысяч коек.«При этом мы с трудом успеваем за ростом госпитализаций, которые тоже нарастают. Тем не менее пока справляемся, запас есть», — сказал Собянин.В Москве с начала июня начался резкий рост числа заражений коронавирусом. 13 июня в городе выявили 7,7 тысячи новых случаев COVID-19 — это максимальный показатель с декабря 2020 года. 17 июня оперштаб сообщил о почти 6,2 тысячи человек. Из-за этого в Москве ужесточили коронавирусные ограничения: до 20 июня в Москве объявили нерабочие дни, в этот же период в Москве не работают фудкорты в торговых центрах и детские игровые комнаты, а кафе и рестораны должны закрываться с 23:00 до 6:00. 16 июня власти Москвы и Московской области объявили об обязательной вакцинации 60% сотрудников сферы услуг и госучреждений.Фото на превью: Mos.ru",NULL
23,https://tvrain.ru/news/zaderzhan_peterburgskij_deputat_maksim_reznik-532090/,17 18:16,"
Петербургского депутата Максима Резника задержали по делу о наркотиках
Депутата Максима Резника задержали, сообщается в его телеграм-канале. Ранее 17 июня у него прошли обыски.Резник — подозреваемый по делу о наркотиках, которое завели на его родственника Ивана Дорофеева.Депутата задержали после допроса в Следственном комитете и отвезли в изолятор временного содержания. Предполагается, что завтра ему будут избирать меру пресечения на время расследования дела.Обновлено, 19:30. Команда Максима Резника связала его преследование с «жесткой критикой партии „Единая Россия“ и лично губернатора Александра Беглова, а также заявлением об участии в выборах в Законодательное собрание Санкт-Петербурга». Соратники политика отметили, что продолжат вести предвыборную кампанию.Родственник Резника Иван Дорофеев с марта находится под арестом, его обвиняют в покупке конопли для дальнейшей перепродажи. Его мать Лиза Михайлова сообщала о давлении на сына и требовании следователей дать показания на Резника.В апреле депутата более трех часов допрашивали по этому делу.  ",NULL
24,https://tvrain.ru/teleshow/utro_na_dozhde/pavlovskij_i_hruscheva-532042/,17 18:15,"
«Вариант Кубинского кризиса и Берлинской стены возможен»: Глеб Павловский и Нина Хрущева о том, кто победил в «учтивой драке» Путина и Байдена
16 июня в Женеве прошла встреча Владимира Путина и Джо Байдена. Политолог Глеб Павловский и профессор Университета The New School в Нью-Йорке Нина Хрущева обсудили результаты встречи с точки зрения России и США.По словам Хрущевой, в США распространено мнение, что Байден «унизил» страну, потому что не стал открыто полемизировать с Путиным на острые темы. Тем не менее, политолог уверена, что американский президент проявил себя с прагматичной стороны. По ее мнению, Байден считает Китай более опасным врагом, чем Россию, в связи с чем шаг в сторону налаживания российско-американских отношений — хорошо продуманный ход. Павловский сказал, что для России встреча двух лидеров была полезной, потому что теперь «конфронтация станет уважительной». По словам Павловского, упоминание Байденом Алексея Навального значительно повышает шансы оппозиционного политика на выживание в тюрьме. Он также уверен, что в словах Байдена о Навальном содержится «намек на радикализацию санкций» в адрес России, если с политиком что-то случится.Фото: Михаил Метцель / ТАСС",NULL
