"id","title_href","date_time","text","img_href"
1,"https://www.znak.com/2021-06-17/sverdlovskoe_pravitelstvo_nachnet_platit_proizvoditelyam_masla_chtoby_sderzhat_rost_cen","2021-06-17 11:40:58","Свердловское правительство начнет платить производителям масла, чтобы сдержать рост цен
Правительство Свердловской области увеличило финансирование агропромышленного комплекса региона. Как сообщили в департаменте информполитики региона, по мнению губернатора Евгения Куйвашева, такая мера должна стабилизировать цены на продукты. «Существенно увеличивается финансирование программ в аграрном комплексе. Только в этом году на развитие АПК и продовольственного рынка за счет всех источников финансирования дополнительно выделяются 123 млн рублей. В частности, свыше 74 млн рублей направляются на возмещение части затрат при производстве и реализации рафинированного подсолнечного масла. Это позволит поддержать местного производителя, сдержать рост оптовых и розничных цен», — сказал Евгений Куйвашев. Производителям будет компенсировано 10 рублей 23 копейки за литр подсолнечного масла при условии, что в торговлю они его будут отпускать по цене не более 95 рублей за литр.На Петербургском международном экономическом форуме Куйвашев договорился с сетью «Магнит», что магазины начнут охотнее брать на полки продукты свердловских производителей. Хочешь, чтобы в стране были независимые СМИ? Поддержи Znak.com","https://img.znak.com/1075929.jpg"
2,"https://www.znak.com/2021-06-17/v_hanty_mansiyske_zaderzhany_pohititeli_nagrad_vremen_velikoy_otechestvennoy_voyny","2021-06-17 11:38:04","В Ханты-Мансийске задержаны похитители наград времен Великой Отечественной войны
В Ханты-Мансийске полиция задержала двух грабителей, которые проникли в один из частных домов, вскрыли сейф и помимо драгоценностей похитили награды времен Великой Отечественной войны. В итоге, забыв снять маски, пытались убежать от патруля, потеряли пакет с украденным. Одного задержали сразу, второго поймали «по горячим следам».В Кедровом переулке окружной столицы наряд полиции, следовавший по маршруту патрулирования, заметил бегущих мужчин в масках, один из которых держал в руках сумку. Сотрудники начали преследование и в лесном массиве задержали одного гражданина, второму удалось скрыться. Для выяснения обстоятельств мужчину доставили в участок.«Спустя несколько часов в дежурную часть обратился местный житель с заявлением о том, что неизвестные проникли в его дом и похитили из сейфа награды, принадлежавшие его покойным родственникам. Среди пропаж орден Отечественной войны, орден Трудовой Славы, юбилейная медаль „70 лет Вооруженным силам СССР“, две юбилейные медали „40 лет Победы в Великой Отечественной войне 1941–1945 гг.“ и одна — „50 лет Победы в Великой Отечественной войне“, а также нагрудный знак „Почетный донор СССР“. Кроме того, были похищены различные ювелирные изделия и денежные средства в российской и иностранной валюте на сумму свыше 900 тыс. рублей», — сообщила официальный представитель МВД Ирина Волк. Задержанный признался в краже. В результате изучения записей с камер видеонаблюдения, полицейские выяснили, что подельники проникли в жилье заявителя, болгаркой вскрыли сейф. Убегая, злоумышленники выронили пакет с ювелирными изделиями, который был обнаружен в ходе осмотра места происшествия.Вскоре сотрудники уголовного розыска задержали предполагаемого соучастника. У него изъяты похищенные награды и часть денег.Возбуждено уголовное дело по статье 158 УК РФ «Кража». «Одному из подозреваемых, ранее судимому жителю ХМАО, избрана мера пресечения в виде заключения под стражу. Второму — подписка о невыезде и надлежащем поведении», — уточнила Волк. Хочешь, чтобы в стране были независимые СМИ? Поддержи Znak.com","https://img.znak.com/1075926.jpg"
3,"https://www.znak.com/2021-06-17/egerya_organizovavshego_ohotu_s_kurganskim_deputatom_gde_volka_davili_snegohodom_uvolyat","2021-06-17 11:21:15","Егеря, организовавшего охоту с курганским депутатом, где волка давили снегоходом, уволят
Курганский егерь Ермек Сулеймов, организовавший охоту с участием депутата облдумы от «Единой России» Дениса Хахалова, на которой еще живого волка давили снегоходом, в ближайшее время будет уволен. Об этом Znak.com сообщили сразу два источника. Один из них уточнил, что приказ об увольнении уже готов, но пока не подписан.Как ранее сообщал Znak.com, Ермек Сулейманов — бывший сотрудник ГИБДД Каменска-Уральского Свердловской области. Он был уволен из органов после того, как в 2014 году в отношении него было возбуждено уголовное дело по пунктам «а», «в», «г», части 2 статьи 163 УК РФ («Вымогательство»). Согласно базе данных Катайского районного суда, он был приговорен к 3 годам 6 месяцам лишения свободы. В Катайском районном суде на запрос Znak.com сообщили, что Сулейманов с двумя подельниками вымогали деньги у гражданина. С одним из них егерь вымогал у мужчины документы для оформления кредита в банке. Он отбывал наказание в нижнетагильской колонии № 13 для бывших силовиков «Красная утка». Через год он уже вышел по УДО по решению Тагилстроевского районного суда Нижнего Тагила. После освобождения Сулейманов стал работать егерем в Катайском обществе охотников и рыболовов, хотя его охотничий билет был аннулирован еще в 2015 году и до сих пор не был восстановлен. Напомним, судимость по тяжким преступлениям снимается только через восемь лет, все это время бывший заключенный ограничен в гражданских правах, на которые распространяется в том числе получение охотбилета и разрешение на оружие.Сразу после скандала с охотой на волков с участием депутата Хахалова Сулейманов обратился в Катайский районный суд с просьбой о досрочном погашении судимости. Как предполагал источник Znak.com, рассмотрение дела в таком ускоренном режиме выгодно Сулейманову: если до погашения судимости в отношении него возбудят новое уголовное дело, наказание может быть более суровым из-за того, что это будет рецидивом. Однако суд ему в этом отказал.Охота с жестоким убийством волка произошла в феврале этого года. По официальным данным, это случилось на территории Камышловского охотхозяйства Свердловской области, которая граничит с Курганской областью. По неофициальным данным, все-таки на территории Зауралья. В ней участвовали пять егерей, в том числе Сулейманов, а также депутат Хахалов. Финальную часть охоты засняли на видео, которое потом было опубликовано в соцсетях. В ролике (есть в распоряжении Znak.com) видно, как мужчины переезжают на снегоходе еще живого волка со словами «ох * (блин) мы погоняли их». После этого один из охотников начинает тыкать в морду животному ружьем, а второй говорит: «Давай я тебя сниму! Затолкай дуло!» Волк зажимает оружие зубами, и это вызывает у мужчин смех. Во второй части видео они обмениваются друг с другом одобрительными репликами: «Четко первого положили!», «Здоровые все такие!», «Вот это сафари!».Сначала в разговоре с корреспондентом Znak.com Денис Хахалов говорил, что его документы на охоту были в полном порядке, а участие в издевательствах над раненым волком он не принимал. По его словам, это был один из егерей. Однако на следующий день он заявил нашим коллегам из ТАСС, что на снегоходе сидел он, волка давил в целях самообороны. Спустя день в разговоре с нашей интернет-газетой он заявил, что ТАСС ничего подобного не говорил.Сейчас по факту этой охоты СУ СКР по Свердловской области ведет проверку. Хочешь, чтобы в стране были независимые СМИ? Поддержи Znak.com","https://img.znak.com/1056132.jpg"
4,"https://www.znak.com/2021-06-17/senator_oleg_korolev_podal_v_otstavku_posle_gromkogo_skandala_s_dtp","2021-06-17 11:16:21","Сенатор Олег Королев подал в отставку после громкого скандала с ДТП
Сенатор (и экс-губернатор Липецкой области) Олег Королев после скандала с ДТП написал заявление о сложении полномочий. Как сообщает РИА «Новости», ссылаясь на собственный источник, причиной отставки в заявлении указано состояние здоровья. Ранее было приостановлено членство Королева в партии «Единая Россия». Королев был задержан 13 мая Политик, будучи за рулем премиального внедорожника Lexus LX 570, двигался на спущенных колесах, выезжая на встречную полосу и сбивая дорожные знаки. Изначально СМИ сообщали, что в момент езды Королев якобы был пьян. «Олега Королева поймали за рулем с признаками алкогольного опьянения в Липецке. <…> Ему предложили пройти тест на алкоголь, но он отказался. Возбуждено дело о невыполнении требования о прохождении медосвидетельствования», — писал Life.«Коммерсанту» сенатор заявил, что ему стало плохо за рулем. «Придавило у меня сердце вчера, к сожалению, в последние годы оно меня иногда подводит — у меня мерцательная аритмия. В глазах потемнело, попытался одно лекарство выпить — не помогает. Отлежался чуть-чуть, решил все-таки к гаишникам обратиться, они отвезли меня домой. Никаких аварий я не совершал. Слава богу, жив-здоров!» — объяснил Олег Королев. По его словам, после происшествия он выпил таблетки от давления и аритмии. Королев отметил, что прибывшие на место сотрудники ГИБДД не составляли протокол: «Ни аварии, ни пострадавших нет, я трезвый, какой протокол может быть?»Хочешь, чтобы в стране были независимые СМИ? Поддержи Znak.com","None"
5,"https://www.znak.com/2021-06-17/deputaty_dumy_ekaterinburga_gotovy_vakcinirovat_ot_kovida_neskolko_tysyach_gorozhan","2021-06-17 11:15:49","Депутаты думы Екатеринбурга готовы вакцинировать от ковида несколько тысяч горожан
Депутаты думы Екатеринбурга готовы организовать вакцинацию нескольких тысяч жителей города во дворах. Как рассказал Znak.com глава медицинской фракции думы Алексей Вихарев, сейчас он организует выезд врачей в Орджоникидзевском районе, депутат Дмитний Николаев — в Кировском районе, депутат Михаил Вечкензин — в Октябрьском районе. По словам Вихарева, идею с выездной вакцинацией ему подсказал опыт голосования за поправки в Конституцию, когда из-за пандемии ставили шатры для голосования во дворах. «Мы с коллегами депутатами из нашей медицинской фракции в гордуме помогаем больницам, общаемся с медиками и видим реальную опасность третьей волны. Она уже пришла. Коллективного иммунитета у населения еще нет. Вакцинация идет медленно. Это общегосударственная задача — спасти людей и экономику. Если гора не идет к Магомету, то Магомет идет к горе. Никуда ходить не надо. Спустился и привился. Очень удобно», — рассказал депутат. Пилотный выезд врачей из больницы № 23 состоялся 10 июня на улице Стачек, 55. Вакцинацию провели в офисе ТСЖ. По словам Вихарева, для организации за две недели жителей дома обзвонили, из них 45 человек согласились поставить прививку. Им выдали медицинские анкеты для заполнения перед прививкой, согласие на обработку персональных данных и список документов, которые нужно взять с собой. Людям назначили разное время, чтобы не было толпы и очередей. В день вакцинации всех еще раз всех обзвонили. При вакцинации врачи проводили первичный осмотр, мерили давление, затем делали укол. Двум пенсионеркам поставили прививки прямо у них в квартирах.«Опыт очень удачный. Уже на следующий день на заседании медицинской фракции мы с коллегами депутатами решили масштабировать его и на другие территории, чтобы охватить как можно больше людей», — сказал Вихарев и добавил, что получил полную поддержку главы Екатеринбурга Алексея Орлова, а также заместителя губернатора Свердловской области Павла Крекова. По словам Вихарева, быстро охватить все дворы не получится, график может растянуться на несколько месяцев. Поэтому он призвал тех, кто может, записываться в действующие пункты вакцинации в поликлиниках и торговых центрах. «Записаться можно через Госуслуги. Вакцины достаточно. Дефицита уже нет. „Спутник“ — общепризнанная в мире вакцина, с минимальными противопоказаниями. Лучше привиться, чем сидеть в изоляции или лежать в больнице», — сказал депутат. Хочешь, чтобы в стране были независимые СМИ? Поддержи Znak.com","https://img.znak.com/1075904.jpg"
6,"https://www.znak.com/2021-06-17/navalnyy_otvetil_putinu_kotoryy_zayavil_chto_politik_soznatelno_vyehal_za_granicu","2021-06-17 11:06:49","Навальный ответил Путину, который заявил, что политик «сознательно выехал за границу»
Алексей Навальный прокомментировал слова президента России Владимира Путина о том, что политик «сознательно выехал за границу на лечение». «Как называется психическое расстройство, когда от долгого сидения у власти, бесконечного количества денег и злоупотребления аквадискотеками человек постоянно врет. Он (Владимир Путин) явно чисто физически не может не врать. А если перестанет, то его начнет раздувать, как персонажей из фильма «Вспомнить все». Помните, когда их выкинуло на Марс в безвоздушное пространство. А потом кислород пошел, и снова все ок», — написал Навальный в своем Instagram.По словам политика, у Путина «страшная ломка и боль, если не соврал кому-то». «А потом такой: ""Доходы населения в России растут, обязательной вакцинации в России не будет, Навальный сознательно уехал за границу, в ФБК* учили готовить ""коктейли Молотова""», —написал Навальный.Ранее Владимир Путин заявил на брифинге по итогам американско-российского саммита, что Навальный «сознательно выехал за границу на лечение», несмотря на требование закона. А вернулся он в расчете на то, что его задержат. Имени политика он не упомянул. «По поводу гражданина, которого вы упомянули. Первое. Человек этот знал, что нарушает действующие в России законы. Он обязан был отмечаться, как лицо, дважды осужденное к условной мере. Сознательно, еще раз подчеркну, игнорируя это требование закона, этот господин выехал за границу на лечение», — сказал Путин.Навальный, отметим, пришел в себя только в больнице в Берлине, куда его доставили после отравления в августе 2020 года. Как добавил Путин, пока он был на лечении, ФСИН не требовал от него отмечаться (по делу «Ив Роше», в рамках которого Навальному в итоге заменили условный срок на реальный). «Как только он вышел из больницы и разместил свой видеосюжет в интернете, такое требование возникло. Он не явился, проигнорировал требование закона. Его объявили в розыск. Зная об этом, он приехал. Я исхожу из того, что сознательно шел на то, чтобы быть задержанным. Поэтому — о чем здесь можно говорить?» — сказал Путин.*По решению Минюста РФ ФБК внесен в реестр иностранных агентов.Хочешь, чтобы в стране были независимые СМИ? Поддержи Znak.com","https://img.znak.com/1075894.jpg"
7,"https://www.znak.com/2021-06-17/samolet_ak_yamal_simferopol_salehard_sovershil_vynuzhdennuyu_posadku","2021-06-17 10:59:33","Самолет АК «Ямал» Симферополь — Салехард совершил вынужденную посадку
Самолет А-320 рейса LLM555 авиакомпании «Ямал», следовавший из Симферополя в Салехард, сегодня совершил вынужденную посадку в Тюмени. Около 5 часов утра экипаж подал сигнал, который приняли диспетчеры Самарского зонального центра Единой системы организации воздушного движения РФ.«Экипаж попросил их передать в авиакомпанию [информацию] об индикации „Нет давления в голубой гидравлической системе“. Сигнал бедствия, срочности не объявлял. На борту порядок», — сообщает Telegram Aviaincident.По указанию авиакомпании экипаж выполнил уход на запасной аэродром Тюмень. Посадка в 8 часов 31 минуту по местному времени прошла благополучно. Как следует из данных табло аэропорта Рощино в 9 часов 45 минут самолет вылетел из Тюмени в Салехард.Хочешь, чтобы в стране были независимые СМИ? Поддержи Znak.com","https://img.znak.com/1075888.jpg"
8,"https://www.znak.com/2021-06-17/delo_kurganskogo_podrostka_rasstrelyavshego_dva_passazhirskogo_avtobusa_peredano_v_sud","2021-06-17 10:57:00","Дело курганского подростка, расстрелявшего два пассажирских автобуса, передано в суд
В Курганской области в суд для рассмотрения по существу направлено уголовное дело 14-летнего подростка, обвиняемого по части 2 статьи 213 УК РФ («Хулиганство, совершенное с применением оружия»), сообщает пресс-служба регионального Следственного управления Следственного комитета РФ.По данным ведомства, 23 и 25 марта текущего года подросток, находясь в квартире знакомого, расположенной на пятом этаже дома по ул. Станционной, а также на улице Коли Мяготина между домами № 87 и 89, из пневматического пистолета стрелял в окна двух движущихся маршрутных автобусов ПАЗ. В результате в обоих случаях стекла автобуса были повреждены, осколки стекла попали одному из пассажиров транспорта в глаз. Местонахождение злоумышленника и его личность удалось установить в результате проведенных следственно-оперативных мероприятий. Хочешь, чтобы в стране были независимые СМИ? Поддержи Znak.com","https://img.znak.com/1075886.jpg"
9,"https://www.znak.com/2021-06-17/v_chelyabinske_mat_i_ee_nesovershennoletnego_syna_budut_sudit_za_zakladki_narkotikov","2021-06-17 10:53:49","В Челябинске мать и ее несовершеннолетнего сына будут судить за закладки наркотиков
В Центральный районный суд Челябинска передано уголовное дело в отношении 44-летней женщины и ее 17-летнего сына, обвиняемых в покушении на незаконный сбыт наркотиков в крупном размере. Они занимались раскладыванием закладок с запрещенными веществами, рассказала старший помощник прокурора области Наталья Мамаева.Установлено, что молодой человек через интернет получал от неустановленного лица информацию о месте нахождения наркотических средств, которые потом фасовал и раскладывал в тайники.В марте 2021 года он совместно с матерью, которая оказывала сыну содействие в виде сопровождения и наблюдения за обстановкой во время того, как сын оборудовал тайники с наркотическими средствами, предупреждала его об опасности и своевременном оставлении места преступления, начал оборудовать тайники с «закладками», производил фотографирование скрытых мест, однако до конца довести свой преступный умысел обвиняемые не смогли, так как были задержаны сотрудниками полиции.«Из незаконного оборота у соучастников изъято 23 полимерных пакета, в которых находилось около 25 граммов мефедрона, — рассказала Наталья Мамаева. — Обвиняемые ранее не судимы, у женщины на иждивении также находится восьмилетний сын. Им избрана мера пресечения в виде подписки о невыезде».По данным Znak.com, молодой человек увидел объявление о поиске «закладчиков» на улице, оно было написано на автомобиле. Он связался с указанным в объявлении лицом и согласился на работу, зная, что будет заниматься незаконным оборотом наркотиков. За размещение одного тайника ему платили 700 рублей, в день он размещал не менее 10 закладок. Сначала о его незаконном заработке никто не знал, потом узнал сосед, который занимался тем же самым, а потом и мать, работавшая уборщицей в одной из больниц города. Сначала женщина просила сына перестать этим заниматься, а когда поняла, что работа сына приносит доход, который идет на содержание всей семьи (деньги перечислялись на карту матери), стала помогать юноше. Теперь им грозит от 10 до 20 лет колонии.Хочешь, чтобы в стране были независимые СМИ? Поддержи Znak.com","None"
10,"https://www.znak.com/2021-06-17/peterburgskiy_deputat_reznik_stal_podozrevaemym_po_delu_o_narkotikah","2021-06-17 10:44:27","Петербургский депутат Резник стал подозреваемым по делу о наркотиках
Депутата Заксобрания Петербурга Максима Резника допросят в Следственном комитете по делу о наркотиках как подозреваемого, пишет «Фонтанка» со ссылкой на близкий к следствию источник. Ранее у Резника был статус свидетеля.Как стало известно ранее, 17 июня силовики пришли с обысками домой и на дачу к Резнику. Кроме того, следственные действия проходили в квартире его мамы. У супруги Резника Ксении во время обысков в их квартире изъяли кулинарные весы и ключи от банковских ячеек. Она находилась дома на самоизоляции с диагностированным коронавирусом.В марте родственника Максима Резника Ивана Дорофеева арестовали по делу о покушении на незаконный сбыт наркотиков. За день до этого силовики пришли к Дорофееву с обыском, Резник столкнулся с ними в дверях. Задерживать депутата не стали. Позже его несколько раз вызывали на допрос, а затем на очную ставку. Сам Резник связывает происходящее с нежеланием допустить его в парламент. Хочешь, чтобы в стране были независимые СМИ? Поддержи Znak.com","https://img.znak.com/785238.jpg"
11,"https://www.znak.com/2021-06-17/mundep_yankauskas_otkazalsya_ot_uchastiya_v_vyborah_v_gosdumu_iz_za_smerti_svoego_otca","2021-06-17 10:38:58","«Просто нет никаких моральных сил и полная прострация»Мундеп Янкаускас отказался от участия в выборах в Госдуму из-за смерти своего отца
Муниципальный депутат района Зюзино в Москве Константин Янкаускас на своей странице в Facebook объявил об отказе от планов участвовать в избирательной кампании в Госдуму. Свое решение Янкаускас объясняет смертью своего отца. Он пишет, что планировал баллотироваться по Черемушкинскому одномандатному округу (№ 209), в который входит Зюзино. «Наш изначальный план кампании несколько раз серьезно ломался — сначала из-за моей болезни коронавирусом зимой. Потом из-за арестов и „санитарного дела“. В итоге на свободе я оказался лишь в начале апреля. И чтобы наверстать потерянное на подготовку кампании и разворачивание штаба время, нужно было работать с утроенной силой — прежде всего, лично мне. В несколько раз активнее убеждать потенциальных сторонников, избирателей, спонсоров. И в этот момент умер мой папа. До сих пор мне сложно подобрать слова, чтобы описать мое состояние и чувства в последние месяцы. Невозможно это описать, наверное. Когда теряешь одного из тех, кого любишь сильнее всего в жизни. Кто дал тебе все в этой жизни и сделал тебя тем, кто ты есть. Убеждать, воодушевлять, давать надежду, быть примером — без этого невозможно выиграть такую тяжелую кампанию, как предстоящие выборы в Госдуму. Я всего этого сделать сейчас не смогу. Просто нет никаких моральных сил и полная прострация», — пишет Янкаускас. 14 июня об остановке своей избирательной кампании объявила соратница оппозиционера Алексея Навального Любовь Соболь. Решение она объяснила тем, что Фонд борьбы с коррупцией* признан судом экстремистской организацией. По словам Соболь, она не может обеспечить безопасность своим волонтерам, сотрудникам и жертвователям на избирательной компании в нынешних условиях.*ФБК внесен Минюстом в реестр иностранных агентов.Хочешь, чтобы в стране были независимые СМИ? Поддержи Znak.com","https://img.znak.com/1075865.jpg"
12,"https://www.znak.com/2021-06-17/v_surgute_skonchalsya_nedavno_naznachennyy_vice_merom_goroda_sergey_polukeev","2021-06-17 10:38:30","В Сургуте скончался недавно назначенный вице-мэром города Сергей Полукеев
В Сургуте в больнице сегодня скончался недавно назначенный на должность заместителя главы города курирующий сферу городского хозяйства Сергей Полукеев. В администрации Znak.com подтвердили данный факт. Причина смерти 52-летнего чиновника не уточняется, но говорится о том, что это не коронавирусная инфекция. Полукеев был госпитализирован тремя днями ранее.Сергей Полукеев родился 12 сентября 1968 года. В разное время возглавлял управление лесопаркового хозяйства Сургута, департамент имущественных и земельных отношений города. В 2013 году занял пост заместителя губернатора Югры. В правительстве ХМАО курировал промышленную политику вместе с тремя департаментами — по недропользованию, экологии и природным ресурсам.Хочешь, чтобы в стране были независимые СМИ? Поддержи Znak.com","https://img.znak.com/1075862.jpg"
13,"https://www.znak.com/2021-06-17/peskov_otvetil_pri_kakih_usloviyah_navalnogo_mogut_peredat_ssha","2021-06-17 10:35:21","Песков ответил, при каких условиях Навального могут передать США
Алексей Навальный может войти в список обмена заключенными между Россией и США, если вдруг подтвердится американцами, что он является американским гражданином и работает на их спецслужбы. Об этом заявил глава пресс-службы Кремля Дмитрий Песков, отвечая на соответствующий вопрос в эфире «Эха Москвы». При этом Песков подчеркнул, что предложений о возможности обмена Навального со стороны США не поступало.  Накануне состоялась встреча президентов России и США Владимира Путина и Джо Байдена. Они решили подумать об обмене заключенными.  Хочешь, чтобы в стране были независимые СМИ? Поддержи Znak.com","https://img.znak.com/1068091.jpg"
14,"https://www.znak.com/2021-06-17/gibdd_kurgana_bet_trevogu_tolko_za_sutki_na_dorogah_postradali_tri_rebenka","2021-06-17 10:35:01","ГИБДД Кургана бьет тревогу: только за сутки на дорогах пострадали три ребенка
ГИБДД Кургана бьет тревогу в связи с участившимися случаями травматизма детей на дорогах областного центра. Одной из причин этого госавтоинспекторы считают отсутствие контроля со стороны родителей местонахождения и поведения детей на улице.Так, по данным Госавтоинспекции, только за вчерашний день в Кургане в двух происшествиях пострадали три ребенка. В первом случае пострадали дети дошкольного возраста. Авария произошла в 16:05 на улице Дзержинского у дома № 41. Семилетний брат со своей пятилетней сестрой находились на прогулке одни. При переходе проезжей части девочка вырвалась и побежала по нерегулируемому пешеходному переходу. За ней побежал старший брат. В результате дети попали под колеса автомобиля Opel Corsa, ехавшего по улице Дзержинского в сторону проспекта Машиностроителей. Брату и сестре назначено амбулаторное лечение. «По данному факту материалы направлены в подразделение по делам несовершеннолетних для принятия мер административного воздействия в отношении законных представителей за неисполнение своих обязанностей», — сообщили в ГИБДД.Второе ДТП произошло на улице Лескова у дома № 21 — пострадал 9-летний велосипедист. По предварительным данным, мальчик, отдыхавший у бабушки на каникулах, гулял без разрешения взрослых, он ехал по обочине дороги, когда его сбил автомобиль Daewoo Matiz. В результате происшествия ребенок получил травмы. Ему назначено амбулаторное лечение.Дорожные полицейские напоминают, что дети от 7 до 14 лет имеют право осуществлять движение на велосипеде только по тротуарам, велосипедным, пешеходным и велопешеходным дорожкам, а также в пределах пешеходных зон.Хочешь, чтобы в стране были независимые СМИ? Поддержи Znak.com","https://img.znak.com/1075856.jpg"
15,"https://www.znak.com/2021-06-17/v_magnitke_direktora_predpriyatiya_podozrevayut_v_uklonenii_ot_uplaty_nalogov_na_175_mln","2021-06-17 10:33:17","В Магнитке директора предприятия подозревают в уклонении от уплаты налогов на ₽175 млн
В Магнитогорске в отношении директора одного из предприятий возбуждено уголовное дело об уклонении от уплаты налогов (часть 2 статьи 199 УК РФ). Как сообщает СУ СКР по Челябинской области, ущерб бюджету оценивается в 175 млн рублей.  «По данным следствия, в период 2016–2018 годов подозреваемым в налоговые органы была представлена заведомо ложная информация о фиктивных сделках, позволившая предъявить налоговые вычеты по налогу на добавленную стоимость и налогу на прибыль, что повлекло уклонение от уплаты налогов в сумме более 175 млн рублей», — говорится в сообщении СУ СКР.О каком именно предприятии идет речь, следственные органы не сообщают. В настоящее время решается вопрос о предъявлении обвинения и избрании меры пресечения.Хочешь, чтобы в стране были независимые СМИ? Поддержи Znak.com","None"
16,"https://www.znak.com/2021-06-17/peterburgskiy_fotograf_aleksandr_terebenin_pogib_vo_vremya_semok_v_zabroshennom_zdanii","2021-06-17 10:30:16","Петербургский фотограф Александр Теребенин погиб во время съемок в заброшенном здании
В Петербурге погиб фотограф Александр Теребенин. Об этом сообщила художница Марина Колдобская на своей странице в Facebook.«Снимал в заброшке, провалился, тяжелые травмы, спасти не удалось», — написала она. Изданию MR7 Колдобская сообщила, что фотографа отвезли в больницу в ночь на 17 июня. Дата похорон пока неизвестна. Хочешь, чтобы в стране были независимые СМИ? Поддержи Znak.com","https://img.znak.com/1075868.jpg"
17,"https://www.znak.com/2021-06-17/obnulenie_pensionnaya_reforma_zakon_protiv_fbk_chem_zapomnilsya_vii_sozyv_gosdumy","2021-06-17 10:23:54","10 резонансных законовОбнуление, пенсионная реформа, закон «против ФБК». Чем запомнился VII созыв Госдумы
Повышение пенсионного возраста, обнуление президентских сроков Владимира Путина, декриминализация домашнего насилия, запрет на участие в выборах сторонников ФБК* — чем запомнился VII созыв Госдумы, депутаты которого сегодня собрались на последнее заседание.Всего за прошедшие пять лет в Госдуму были внесены 5,4 тыс. законопроектов, чуть меньше половины из них — 2,2 тыс. проектов законов — были одобрены президентом России, чуть больше тысячи законопроектов пока так и остаются в стадии рассмотрения.Znak.com решил вспомнить 10 самых знаковых и резонансных законопроектов, принятых Госдумой VII созыва.В 2017 году депутаты Госдумы приняли поправки в статью 116 УК РФ («Побои»), направленные на декриминализацию семейного насилия. Теперь «побои в отношении близких лиц» — это административное правонарушение. Свое решение народные избранники аргументировали тем, что сложилась «абсурдная ситуация» — за избиение близкого человека гражданин нес более жестокое наказание (до 2 лет лишения свободы), чем за причинение легкого вреда здоровью (арест на срок до 4 месяцев).В пояснительной записке депутаты уточняли: если гражданин уже был подвергнут административному наказанию за побои близкого человека, то второй раз ему грозит уголовная статья.При этом законопроект о «профилактике семейно-бытового насилия», одним из авторов которого выступила Оксана Пушкина, так и не был принят.Правозащитники критиковали законопроект. В частности, исследователи Human Rights Watch обращали внимание, что до 2017 года МВД фиксировало стабильный рост насильственных преступлений в семье, но после принятия закона их количество сократилось в два раза. Декриминализация привела в ощущению безнаказанности агрессора, практически исчезла превентивная функция уголовного наказания, считают исследователи.В 2018 году депутаты Госдумы приняли так называемый «закон о валежнике» — закон, разрешающий россиянам свободно собирать в лесу упавшие сухие деревья и их ветки.Однако в случае с этим законопроектом все получилось в соответствии с привычной для России формулой «хотели как лучше, а получилось как всегда». Реализация проекта закона столкнулась с бюрократией на местах. Например, в Бурятии власти решили выделять отдельные участки, где местным жителям разрешили собирать валежник, в Пензенской области местные власти запретили использовать при сборе валежника пилы и сучкорезы, а в Липецкой области и на Кубани власти требовали присылать им уведомления за несколько дней до планируемого похода в лес.Одним из самых резонансных и скандальных законопроектов, принятых в Госдуме VII созыва, стал законопроект «о совершенствовании пенсионной системы». Его инициатором выступило правительство, к документу поступило больше 300 поправок, девять из которых внес президент Владимир Путин.Суть всей реформы сводилась к увеличению пенсионного возраста для мужчин до 65 лет к 2028 году, а для женщин — до 60 лет к 2034 году. Такую инициативу властей граждане восприняли крайне негативно — в России прошла волна народных протестов. Социологические исследования показывали, что пенсионная реформа стала одним из главных событий в жизни россиян в 2018–2019 годах.Чтобы хоть как-то успокоить ситуацию Владимир Путин выступил со специальным обращением к гражданам. Президент пытался объяснить, что, если пенсионную реформу не проводить и продолжать дотировать пенсионный фонд из средств бюджета, то «рано или поздно мы разрушим наши финансы, будем вынуждены залезать в долги или печатать ничем не обеспеченные деньги со всеми вытекающими последствиями: гиперинфляцией и ростом бедности».Принятая пенсионная реформа нашла свое отражение даже в обновленной Конституции. Так, среди поправок, внесенных Владимиром Путиным к тексту Конституции, было и предложение дополнить статью 75 пунктом о том, что в России «формируется система пенсионного обеспечения граждан на основе принципов всеобщности, справедливости и солидарности поколений и поддерживается ее эффективное функционирование, а также осуществляется индексация пенсий не реже одного раза в год в порядке, установленном федеральным законом». Поправка Путина, разумеется, была принята, а за текст новой Конституции, по официальным данным, проголосовали почти 78% россиян.Любопытно, что 16 депутатов, сенаторов, глав региональных отделений ПФР, выступавших за пенсионную реформу, не дожили до наступления нового возраста выхода на пенсию. Принятие пенсионной реформы обрушило рейтинг «Единой России» до минимума с 2016 года — сейчас он составляет 27%.С 1 ноября 2019 года в России вступил в силу закон о «суверенном Рунете», в соответствии с которым создается национальная система маршрутизации интернет-трафика. Цель законопроекта — создать условия для устойчивости Рунета в случае, если коварный Запад вдруг решит отключить нас от мировой Сети.С самого начала его разработки чиновники и депутаты заявляли, что закон не преследует своей целью изоляцию России от интернета, однако критики его настаивают именно на этой версии. Эксперты указывали на то, что «Чебурнет» создается для того, чтобы в случае необходимости отключить Россию от глобальной Сети по аналогии с «Великим китайским файерволом».Специалисты обращали внимание на непомерные расходы, связанные с реализацией инициативы на практике. По сообщениям СМИ, на него может быть потрачено около 30 млрд рублей. И это только прямые вложения. Еще порядка 134 млрд рублей в год понадобится на компенсации операторам связи.Депутаты Госдумы VII созыва за пять лет работы приняли серию законопроектов, связанных с иностранными агентами. Так, например, закон о СМИ-иноагентах в России был принят в 2017 году. Он стал «зеркальной реакцией» Москвы на то, что Минюст США потребовал от RT America (филиала российской телекомпании RT) зарегистрироваться в качестве иностранного агента. Согласно положениям данного закона, СМИ, выполняющими функции иноагентов, в России являются юридические лица, зарегистрированные за рубежом, или иностранные структуры без образования юридического лица, распространяющие печатные, аудиовизуальные и иные материалы и финансируемые из иностранных источников.За нарушение закона о СМИ-иноагентах предусмотрен штраф до 5 млн рублей (для юрлиц) или арест на срок до 15 суток (для граждан). На данный момент в России больше 10 СМИ признаны иноагентами, среди них — популярное сетевое издание «Медуза»**.Но на этом депутаты не остановились и уже в начале 2018 года внесли на рассмотрение законопроект, который обязывает СМИ, выполняющие функции иноагента, для работы в России учреждать российское юридическое лицо, а также позволяет признавать СМИ-иноагентами физические лица. Позже депутаты приняли еще один закон, которым вводится новое понятие — лицо, аффилированное с иноагентом. Им будет считаться кандидат, который за два года до назначения выборов и в период избирательной кампании входит либо входил в состав органов управления или является учредителем, руководителем или работником иностранного СМИ-иноагента, иного лица, включенного в реестр иностранных СМИ-иноагентов.Зимой 2020 года Госдума одобрила законопроект о комплексном развитии территорий — проще говоря, закон о всероссийской реновации, который предлагает распространить опыт московской программы на всю страну при расселении ветхого и аварийного жилья.В первоначальном виде законодательная инициатива вызвала резкую критику экспертов, депутаты из парламентских оппозиционных фракций даже требовали снять документ с рассмотрения. Глава комитета Госдумы по ЖКХ Галина Хованская говорила, что в законе есть положения, которые предусматривают механизм изъятия жилья у собственников, даже если оно не является аварийным.Правом принимать решение о реновации наделены высшие исполнительные органы субъектов России, в их же полномочия входит и определение параметров территорий для включения в список реновации. Кстати, помимо ветхого и аварийного жилья, в программу могут включать и неаварийные дома в случае износа крыши или фундамента и если капитальный ремонт дома дорог и нецелесообразен. Важный аспект законопроекта заключается в том, что если собственник в течение 45 дней не подписал договор о предоставлении ему денежного возмещения или новой квартиры по программе реновации, то его могут обязать к переселению через суд.В декабре 2020 года депутаты Госдумы одобрили закон о предоставлении экс-президентам России пожизненной неприкосновенности. Теперь бывшего президента России нельзя привлечь к уголовной или административной ответственности не только за деяния, которые он мог совершить в период исполнения президентских полномочий, но и после того, как он покинул пост главы государства. Экс-президент может быть лишен неприкосновенности на основании выдвинутого Госдумой обвинения в государственной измене или совершении иного тяжкого преступления, подтвержденного заключением Верховного суда РФ. Интересно, что Дума может выдвинуть обвинение против бывшего президента, только если оно будет поддержано двумя третями депутатов и сенаторов по инициативе не менее трети депутатов при наличии заключения комиссии ГД.Иными словами оштрафовать Владимира Путина (когда он перестанет быть президентом) за переход дороги на красный свет уже нельзя, не получится выписать штраф и экс-президенту Дмитрию Медведеву, если он, допустим, примет участие в несанкционированном митинге в поддержку Алексея Навального.10 марта 2020 года в ходе обсуждения законопроекта о внесении изменений в Конституцию РФ депутат от «Единой России», первая в мире женщина-космонавт Валентина Терешкова предложила «не крутить и не городить искусственные конструкции», а просто взять и «убрать все ограничения по числу президентских сроков», дав тем самым возможность Владимиру Путину избираться на пост главы государства еще два раза. Позже Терешкова объясняла, что об обнулении президентских сроков Путина ее «просили простые люди».В тот же день Владимир Путин прибыл в Госдуму, где с трибуны заявил, что «в принципе этот вариант [об обнулении президентских сроков] возможен, но при одном условии: если Конституционный суд даст официальное заключение, что такая поправка не будет противоречить Конституции». Разумеется, никаких нареканий со стороны КС данная поправка не вызвала. И уже в декабре 2020 года депутаты одобрили этот закон. Согласно этому закону, Владимир Путин сможет баллотироваться на пост президента еще как минимум два раза — в 2024 и в 2030 годах.Любопытно, что выступление Терешковой в парламенте об обнулении сроков Путина стало для нее последним в VII созыве. Больше Терешкова не произнесла ни слова ни с думской трибуны, ни с места в зале пленарных заседаний.В марте 2021 года Госдума одобрила законопроект депутата от «Единой России» Ирины Яровой, согласно которому за оскорбление ветеранов Великой Отечественной войны будут сажать в тюрьму на срок до 5 лет и штрафовать на сумму до 5 млн рублей. Оскорбление ветерана, по предложению Яровой, депутаты признали одной из форм реабилитации нацизма. За распространение сведений, выдающих явное неуважение к обществу о днях воинской славы и памятных датах России, по закону Яровой, могут оштрафовать на сумму до 3 млн рублей или отправить в колонию на срок до 3 лет. Аналогичное наказание будет ждать тех, кто будет «оскорблять память защитников Отечества, унижать честь и достоинство ветеранов Великой Отечественной войны».Данный закон — реакция партии власти на судебное разбирательство над Алексеем Навальным, которого Бабушкинский суд Москвы признал виновным в клевете на ветерана Игната Артеменко и приговорил его к штрафу в размере 850 тыс. рублей. Поводом для возбуждения дела стал твит Навального о ролике в поддержку поправок к Конституции, в котором участвовал ветеран. Оппозиционер назвал участников видео «холуями» и «позором страны». Предъявленное ему в связи с этим обвинение Навальный не признал, сам судебный процесс оппозиционер окрестил «кривосудием».Закон «против ФБК» о запрете лицам, причастным к экстремистским организациям, участвовать в выборах всех уровней был принят весной этого года. Законопроект (в его первоначальной версии) предполагал ввести запрет лицам, связанным с экстремистскими организациями, участвовать в думских выборах. Впоследствии депутат от «Единой России» Павел Крашенинников и сенатор Андрей Клишас внесли поправку, по которой таким лицам запрещается участвовать в выборах всех уровней. Учредители и руководители экстремистских организаций не смогут избираться в течение пяти лет с момента запрета организации, а члены и другие причастные к ее работе — в течение трех лет. В тексте закона сказано, что причастностью к деятельности экстремистских организаций будет считаться даже заявление в поддержку этой организации или отдельного ее мероприятия, сделанное в Сети.Примечательно, что параллельно с принятием этого законопроекта в парламенте в Москве проходил суд по признанию Фонда борьбы с коррупцией* Алексея Навального экстремистской организацией. На вынесение постановления у суда ушел всего один день. Суд отклонил все ходатайства стороны защиты, а их было больше 10 (ходатайства юристы ФБК принесли суд в большом чемодане).*ФБК по решению Минюста РФ внесен в реестр иностранных агентов, по решению суда фонд признан экстремистской организацией.**По решению Минюста «Медуза» признана иноагентом в России.Хочешь, чтобы в стране были независимые СМИ? Поддержи Znak.com","https://img.znak.com/1075824.jpg"
23,"https://www.znak.com/2021-06-17/v_lesnom_iz_za_dtp_s_semyu_pogibshimi_otmenili_den_goroda","2021-06-17 09:45:23","В Лесном из-за ДТП с семью погибшими отменили День города
В ЗАТО Лесной решили не проводить День города и День комбината «Электрохимприбор» (принадлежит корпорации «Росатом»), которые были запланированы на 19 июня. В администрации города Znak.com сообщили, что решение связано с «трагическими событиями» — ДТП, в котором погибли семь человек. «Совместно с главой города Сергеем Черепановым приняли решение отменить празднования Дня города и Дня комбината, которые были запланированы на 19 июня. В текущей ситуации неправильно проводить общегородские празднования. Поэтому прошу всех лесничан и работников нашего предприятия отнестись к этому с пониманием», — написал в своем телеграм-канале директор ФГУП «Электрохимприбор» Сергей Жамилов.Напомним, что 10 июня в Лесном водитель служебного автобуса ООО «Нижнетуринское автотранспортное предприятие» наехал на сотрудников комбината, которые шли на работу. Погибли шесть человек, девять пострадали. Позже один из пострадавших умер в больнице. По предварительным данным, у автобуса отказали тормоза. В отношении трех человек возбуждены уголовные дела: водителю предъявлено обвинение по части 5 статьи 264 УК РФ («Нарушение ПДД, повлекшее гибель двух и более лиц»), механику — по части 3 статьи 266 УК РФ («Недоброкачественный ремонт транспорта, повлекший по неосторожности гибель двух и более лиц»), директору — по части 3 статьи 238 УК РФ («Оказание услуг, не отвечающих требованиям безопасности жизни и здоровья, повлекшее по неосторожности гибель двух или более лиц») и части 3 статьи 266 УК РФ.Хочешь, чтобы в стране были независимые СМИ? Поддержи Znak.com","https://img.znak.com/1072829.jpg"
18,"https://www.znak.com/2021-06-17/naznachena_novyy_direktor_mts_v_tyumenskoy_oblasti","2021-06-17 10:16:16","Назначена новый директор МТС в Тюменской области
Новым директором МТС в Тюменской области стала директор по продажам массового рынка филиала Анастасия Михайлова, сообщает пресс-служба мобильного оператора.Михайлова планирует продолжить реализацию основных направлений соглашения, подписанного с правительством Тюменской области на ПМЭФ в июне этого года. Это реализация инфраструктурных и социальных проектов с использованием цифровых технологий — интернета вещей, геоаналитики, облачных технологий и частных 5G/5G-ready сетей.Отдельное внимание планируется уделить реализации проектов по улучшению качества связи в районах области, удаленных малых населенных пунктах и обеспечению широкополосным доступом в интернет социально значимых объектов в сельской местности.Прежний директор МТС в регионе Евгений Малыхин стал директором по развитию регионов в Центральном федеральном округе.Хочешь, чтобы в стране были независимые СМИ? Поддержи Znak.com","https://img.znak.com/1075838.jpg"
19,"https://www.znak.com/2021-06-17/v_ekaterinburge_6_letnyaya_devochka_i_dvoe_vzroslyh_postradali_v_stolknovenii_avtobusov","2021-06-17 10:12:06","В Екатеринбурге 6-летняя девочка и двое взрослых пострадали в столкновении автобусов
Три человека пострадали во время столкновения автобусов № 047 и  054 в Екатеринбурге. Как сообщили в отделении пропаганды городского ОГИБДД УМВД России, 36-летнего мужчину, 22-летнюю девушку и 6-летнюю девочку доставили в больницу с ушибами и сотрясением мозга.Авария произошла сегодня, 17 июня, в 08:00 на остановке «Волгоградская» на улице Амундсена. Водитель автобуса «Богдан» № 047 двигался по маршруту в сторону Бардина по улице Амундсена и при заезде на остановку въехал в заднюю часть автобуса «Богдан» № 054.«Сотрудниками полиции установлено, что за рулем автобуса „Богдан“ 047 маршрута находился 35-летний водитель, имеющий стаж управления транспортными средствами категории „D“ три года, состояние опьянения не подтверждено. Он пояснил, при подъезде к остановке хотел объехать автобус, водитель которого осуществлял посадку и высадку пассажиров. В этот момент путь ему преградил автобус „ПАЗ“ 014 маршрута, в связи с чем он решил остановиться, но произошло столкновение», — рассказали в Госавтоинспекции.По их данным, водители автобусов в аварии не пострадали. Транспортные средства технически исправны. Решается вопрос о проведении внеплановой выездной проверки автопредприятия, водитель которого допустил столкновение.Хочешь, чтобы в стране были независимые СМИ? Поддержи Znak.com","https://img.znak.com/1075833.jpg"
20,"https://www.znak.com/2021-06-17/v_gosdume_kto_to_opyat_golosuet_za_spikera_vyacheslava_volodina","2021-06-17 10:00:40","В Госдуме кто-то опять голосует за спикера Вячеслава Володина
В Государственной думе России опять кто-то голосует за спикера Вячеслава Володина. Председатель нижней палаты парламента накануне посетил не все заседание, а лишь его часть. Однако в отсутствие Володина кто-то нажимал за него кнопку, поддерживая различные инициативы «Единой России».Пленарное заседание Госдумы 16 июня открывал первый заместитель председателя Иван Мельников. Еще до начала официальной регистрации он проинформировал депутатов о том, что Володин отсутствует, так как «сейчас ведет заседание собрания парламентского союза России и Белоруссии». «Через некоторое  время он к нам присоединится», — говорил Мельников.Однако, согласно данным системы анализа результатов голосования, спикер принимал участие в голосовании о принятии проекта порядка работы парламента на 16 июня. Далее, согласно данным той же системы, с 10:11 мск до 10:54 мск, Володин участие в голосованиях не принимал.Следующий раз председатель Госдумы голосовал за два законопроекта о расширении полномочий Генпрокуратуры в 10:55 мск и 10:56 мск. Однако самого Володина в зале пленарных заседаний в это время не было физически, о чем свидетельствует запись трансляции заседания (она опубликована на официальном сайте Госдумы). В момент приятия обоих проектов закона на месте председательствующего по-прежнему находился коммунист Иван Мельников. Отметим, что оба законопроекта о расширении полномочий Генпрокуратуры в Думу внес президент России Владимир Путин.В 11:10 мск Вячеслав Володин все-таки занял место председательствующего и продолжил вести заседание парламента и принимать участие в голосовании как минимум до 13:06 мск. После этого, судя по трансляции заседания, руководил работой Госдумы вице-спикер Иван Мельников. Володин же до конца заседания в кресло председательствующего так и не вернулся. При этом каким-то образом принимал участие в голосовании до конца пленарки.Депутаты Госдумы голосуют за законопроекты с помощью специальных именных карточек, которые вставляют в терминалы на своих рабочих местах. С 2016 года депутаты, согласно нормам регламента, не имеют право голосовать за кого-либо, кроме самих себя. Отсутствующий депутат при желании может выразить только «свою позицию по любому вопросу порядка работы заседания».Напомним, ситуации, когда за спикера Вячеслава Володина в его отсутствие кто-то голосует, случались и ранее. Например, 11 апреля 2018 года фамилия спикера Госдумы значилась в списке голосовавших за законопроект об изоляции Рунета во втором чтении, хотя в это время Вячеслав Володин находился в Саратовской области (которую представляет в парламенте). Тогда еще советник спикера Думы по взаимодействию со СМИ Анастасия Кашеварова объясняла тот инцидент «человеческим фактором». По словам Кашеваровой, фамилия Володина оказалась в списке проголосовавших, так как в его отсутствие на заседании сотрудники аппарата Думы забыли изъять его карточку. Что стало причиной голосования за Володина в этот раз, пока неизвестно. В пресс-службе Вячеслава Володина на запрос Znak.com на момент публикации не ответили.Хочешь, чтобы в стране были независимые СМИ? Поддержи Znak.com","None"
21,"https://www.znak.com/2021-06-17/v_dume_ekaterinburga_nazvali_uchastki_gde_mozhno_sdelat_polosy_dlya_elektrosamokatov","2021-06-17 09:58:20","В думе Екатеринбурга назвали участки, где можно сделать полосы для электросамокатов
Представители сервисов аренды самокатов Whoosh и Urent совместно с депутатами городской думы Екатеринбурга предложили администрации города нанести разметку «велодорожка» на 15 участках в городе. Как сообщил депутат Тимофей Жуков в своем телеграм-канале, информационная разметка на тротуарах для разделения потоков движения позволит решить проблему с большим числом электросамокатов, из-за которых в Екатеринбурге выросло число ДТП.Предложено нанести разметку на следующих участках:«Выгонять самокатчиков на автодорогу опасно, и никто этого делать не будет по многим причинам. Операторы кикшеринга — очень гибкие ребята, они не хотят обострения конфликта между пешеходами и пользователями их сервисов, потому готовы всесторонне участвовать в решении возникшей ситуации. Один из вариантов — ограничение скорости на специально обозначенных улицах, парках, общественных пространствах. Такая функция есть у всех самокатов, и в течение нескольких часов оператор может снизить скорость до необходимой на всех своих самокатах одновременно», — пишет Жуков.Таким образом в начале июня сервис кикшеринга Whoosh замедлил скоростной режим электросамокатов до 15 километров в час на 27 участках Екатеринбурга, почти во всех парковых зонах.Хочешь, чтобы в стране были независимые СМИ? Поддержи Znak.com","https://img.znak.com/1075819.jpg"
22,"https://www.znak.com/2021-06-17/ilya_yashin_obyavil_chto_uhodit_v_predvybornyy_otpusk","2021-06-17 09:57:39","Илья Яшин объявил, что уходит в предвыборный отпуск
Политик Илья Яшин объявил о том, что с сегодняшнего дня уходит в предвыборный отпуск. «Штаб собран, все готово к началу кампании, мы на низком старте. Пожелайте удачи», — написал Яшин в своем Twitter.Ранее соратница Навального Любовь Соболь заявила, что останавливает свою избирательную кампанию в Госдуму. «Несмотря на неимоверную поддержку людей, сформированный штаб, сотни волонтеров и явное преимущество перед соперниками, из-за признания ФБК* экстремистской организацией я вынуждена остановить ведение своей кампании в Госдуму», — написала она в Facebook.Напомним, Московский городской суд признал Фонд борьбы с коррупцией, созданный оппозиционным политиком Алексеем Навальным, экстремистской организацией. Аналогичное решение суд вынес и в отношении сети штабов Навального и Фонда защиты прав граждан. Судебное следствие длилось всего один день. * Организация также признана иноагентом. Хочешь, чтобы в стране были независимые СМИ? Поддержи Znak.com","https://img.znak.com/1026885.jpg"
24,"https://www.znak.com/2021-06-17/v_peterburgskom_supermarkete_nashli_4_mesyachnogo_mladenca_ego_mogla_prinesti_babushka","2021-06-17 09:41:58","В петербургском супермаркете нашли 4-месячного младенца. Его могла принести бабушка
В Выборгском районе Петербурга в супермаркете обнаружили младенца. Как сообщили Znak.com в пресс-службе ГУ МВД по региону, ребенка могла принести бабушка, работающая там уборщицей.«Приступив к помывке полов, она оставила ребенка без присмотра. Личность матери также была установлена, ею оказалась 17-летняя девушка», — рассказали в пресс-службе. Сообщение о «забытом» 4-месячном младенце поступило в полицию 16 июня. В настоящий момент ребенок находится у медиков на осмотре. В отношении бабушки составили протокол по статье 5.35 КоАП РФ («Неисполнение родителями или иными законными представителями несовершеннолетних обязанностей по их содержанию и воспитанию»). Материалы передали в органы опеки.  Хочешь, чтобы в стране были независимые СМИ? Поддержи Znak.com","https://img.znak.com/1075800.jpg"
25,"https://www.znak.com/2021-06-17/v_sverdlovskoy_oblasti_iz_za_tretey_volny_kovida_otmenili_sabantuy","2021-06-17 09:40:49","В Свердловской области из-за третьей волны ковида отменили Сабантуй
В Свердловской области из-за растущей заболеваемости коронавирусной инфекцией отменили проведение Сабантуя. Как сообщили в региональном оперативном штабе, такое решение принял оргкомитет мероприятия, основываясь на рекомендации Роспотребнадзора. Праздник плуга традиционно проводится с мая по июль. В 2021 году областной Сабантуй должен был состояться 26 июня в конно-спортивном клубе «Белая лошадь». О новой дате проведения мероприятия оргкомитет сообщит дополнительно.Ранее в администрации Екатеринбурга сообщили, что оперштаб принял решение об отмене общегородского школьного выпускного, который должен состояться 25 июня в «Экспо-центре». Хочешь, чтобы в стране были независимые СМИ? Поддержи Znak.com","https://img.znak.com/1075790.jpg"
26,"https://www.znak.com/2021-06-17/v_bashkirii_na_granice_s_chelyabinskoy_oblastyu_nashestvie_saranchi_vveden_rezhim_chs","2021-06-17 09:39:43","В Башкирии на границе с Челябинской областью — нашествие саранчи. Введен режим ЧС
В Баймакском районе Башкирии, который граничит с Кизильским районом Челябинской области, введен режим ЧС. Причина — нашествие саранчи, которая уничтожает луга и поля, сообщает «АиФ — Уфа» со ссылкой на минсельхоз Башкирии.«Превышен экономический порог вредоносности по саранче, вредитель распространяется на сенокосах и лугах площадью 3,5 тыс. гектаров, — цитирует издание замначальника отдела по работе с инвесторами и внешним связям республиканского минсельхоза Алмаза Галимова. — Принимаются меры для предотвращения дальнейшего распространения вредителя».По словам Галимова, очаги планируют локализовать в течение двух-трех суток. Также отмечается, что распространение насекомых-вредителей в этом году обусловлено благоприятными для них погодными условиями.Добавим, Баймакский район является одним из крупнейших районов Башкирии. Он расположен на юго-востоке республики, граничит с Кваркинским районом Оренбургской области и Кизильским районом Челябинской области.  Хочешь, чтобы в стране были независимые СМИ? Поддержи Znak.com","None"
27,"https://www.znak.com/2021-06-17/v_merii_chelyabinska_obyasnili_dorogie_bilety_v_dubay_dlya_kotovoy_i_ee_zama","2021-06-17 09:21:31","В мэрии Челябинска объяснили дорогие билеты в Дубай для Котовой и ее зама
В администрации Челябинска ответили на претензии общественности о длительном сроке пребывания руководства города в Объединенных Арабских Эмиратах и высокой стоимости перелета. Ранее из-за этих вопросов к чиновникам, которые вылетали на обучение, начала проверку прокуратура региона. Как сообщили сегодня в пресс-службе администрации Челябинска, делегации пришлось провести в Дубае больше времени из-за карантина и необходимости ПЦР-тестирования, а за билеты заплатили дороже, так как не было прямых перелетов.«Необходимость прибыть за сутки до начала учебы была продиктована действующими на территории ОАЭ требованиями и отграничениями, связанными с распространением COVID-19, — прокомментировали в мэрии Челябинска. — Так, по прилете необходимо было сдать ПЦР-тест и соблюдать самоизоляцию в гостинице по месту пребывания в течение максимум 24 часов. Учитывая время, которое необходимо было потратить на дорогу из Челябинска в Екатеринбург, на прохождение всех видов необходимых процедур в аэропорту вылета и по прилете, в связи с необходимостью прибыть в ОАЭ не позднее 9:00 30 мая 2021 года для прохождения ПЦР-теста и соблюдения самоизоляции, командировка главы города и ее заместителя началась 29 мая 2021 года. Учебная программа завершилась вечером 4 июня. На момент бронирования ближайший возможный прямой рейс до Екатеринбурга был 5 июня 2021 года по данным туроператора».Ранее прокуратура начала проверку закупок из-за вопросов к командировке мэра города Натальи Котовой и ее заместителя по строительству Владимира Шамне, а также ряда чиновников областного правительства в Дубай на обучение по программе школы Сколково. Кроме самого факта такой командировки общественность возмутили стоимость перелета и проживания, которые оказались существенно дороже, чем цены, указанные в сервисах бронирования отелей и авиабилетов. Хочешь, чтобы в стране были независимые СМИ? Поддержи Znak.com","None"
28,"https://www.znak.com/2021-06-17/sud_zauralya_vynes_prigovor_pensioneru_zazhivo_szhegshego_v_pechi_polutoragodovalogo_vnuka","2021-06-17 09:20:10","Суд Зауралья вынес приговор пенсионеру, заживо сжегшему в печи полуторагодовалого внука
Курганский областной суд вынес приговор жителю села Бутырское Новоселову, который сжег в печи своего полуторагодовалого внука. Он признан виновным по пункту «в», части 2, статьи 105 УК РФ («Убийство»), ему назначено наказание 19 лет лишения свободы в исправительной колонии строгого режима с ограничением свободы на 1 год 6 месяцев, сообщает пресс-служба суда региона.Согласно установленным судом обстоятельств, трагедия произошла 10 января этого года. Новоселову, находящемуся в состоянии алкогольного опьянения, оставили для присмотра полуторагодовалого внука. Мужчина посадил внука на качели, из которых тот выпал и потерял сознание. Желая скрыть это падение, но при этом понимая, что ребенок жив, засунул его в топку печи, где горели дрова. В результате указанных действий ребенок получил не совместимые с жизнью термические ожоги, от которых скончался.В настоящее время приговор в законную силу не вступил и может быть обжалован в апелляционном порядке в судебную коллегию по уголовным делам Второго апелляционного суда общей юрисдикции, отмечено в сообщении суда.Хочешь, чтобы в стране были независимые СМИ? Поддержи Znak.com","https://img.znak.com/1075773.jpg"
29,"https://www.znak.com/2021-06-17/deputaty_katav_ivanovska_vynesli_preduprezhdenie_spikeru_za_ego_biznes","2021-06-17 09:04:18","Депутаты Катав-Ивановска вынесли предупреждение спикеру за его бизнес
Собрание депутатов Катав-Ивановского района накануне на заседании рассмотрело представление прокуратуры с требованием привлечь к ответственности спикера представительного органа Александра Васильева, который до сих пор не избавился от своего бизнеса. Депутаты большинством голосов решили ограничиться предупреждением.«Мое предложение было за поименное голосование, но его отклонили большинством голосов, — рассказал Znak.com депутат Яков Чуксин. — В итоге за предупреждение проголосовали девять депутатов, против — три. Еще трое воздержались. Мы, кто голосовал против предупреждения, считаем, что к Васильеву должна быть применена другая мера ответственности — сложение полномочий».Напомним, что Яков Чуксин и депутаты Данила Гулин и Евгений Калиничев написали обращение губернатору Челябинской области Алексею Текслеру, в котором просили принять меры к Васильеву, который остается единственным учредителем коммерческой структуры ООО «Город». Эта фирма в 2021 году получила два муниципальных контракта на территории района. Данное обращение поступило в правительство области и находится на рассмотрении.Сам Александр Васильев пояснил Znak.com, что попросту не может сейчас избавиться от бизнеса из-за судебного спора с бывшей женой. Женщина, с которой спикер развелся еще в 2014 году, не дала согласия на передачу долей в уставном капитале, а подала иск на их раздел. Из-за этого на имущество автоматически был наложен арест.Хочешь, чтобы в стране были независимые СМИ? Поддержи Znak.com","None"
30,"https://www.znak.com/2021-06-17/v_ekaterinburge_energetiki_dobivayutsya_snosa_229_detskih_i_sportivnyh_plochadok","2021-06-17 09:04:10","В Екатеринбурге энергетики добиваются сноса 229 детских и спортивных площадок
В Екатеринбурге энергетики намерены принудительно снести 229 детских площадок на улицах Прибалтийской, Чайковского и Белоярской. Как сообщает пресс-служба свердловского филиала «Т Плюс», они находятся в охранных зонах тепловых сетей и поэтому небезопасны. «О каждом факте нарушения Екатеринбургская теплосетевая компания уведомляет органы местного самоуправления, прокуратуру и Ростехнадзор. Собственникам таких объектов выдаются предписания по устранению нарушений», — поясняют энергетики.Кроме того, по этой же причине подлежат сносу мастерские, сауны, киоски на улицах Мичурина, Бажова, Луначарского, Куйбышева. В целом за 2019–2020 годы в Екатеринбурге выявлено больше 1 400 участков теплосетей, в охранной зоне которых незаконно размещены парковки, торговые точки, остановочные комплексы и прочие сооружения. «Энергетики сосредоточат усилия на принудительной очистке охранных зон в тех случаях, где владельцы объектов уклоняются от добровольного переноса имущества на безопасную территорию. В соответствии с нормами эксплуатации на территориях охранных зон не допускается капитальное и иное строительство, размещение гаражей, автостоянок и других объектов. Нарушение этого правила может привести к ускоренному износу тепловых сетей и нарушению их гидравлического режима», — поясняют в «Т Плюс».Хочешь, чтобы в стране были независимые СМИ? Поддержи Znak.com","https://img.znak.com/1075759.jpg"
31,"https://www.znak.com/2021-06-17/zhitelnica_ekaterinburga_otsudila_dengi_za_divan_kotoryy_ne_podoshel_ey_po_razmeru","2021-06-17 09:01:23","Жительница Екатеринбурга отсудила деньги за диван, который не подошел ей по размеру
Жительница Екатеринбурга через суд вернула деньги за диван, который не подошел для ее гостиной. Как сообщают в пресс-службе Свердловского областного суда, в марте прошлого года женщина за 58,5 тыс. рублей купила диван в ООО «Архитектория», но чуть позже поняла, что он не подходит по размеру и расположению в гостиной. Она связалась с менеджером, чтобы оформить возврат, заявление было принято, но деньги назад женщина не получила. Она обратилась в Орджоникидзевский районный суд Екатеринбурга с иском к ООО «Архитектория» и требованием взыскать с компании стоимость дивана — 53,5 тыс. рублей, компенсацию морального вреда — 32,4 тыс. рублей, расходы на оплату услуг представителя — 28,9 тыс. рублей, процент переплаты по договору займа в размере 3 тыс. рублей, почтовые расходы — 397 рублей и неустойку — 119,3 тыс. рублей. Суд частично удовлетворил требования жительницы Екатеринбурга, так как по закону покупатель может вернуть непродовольственный товар надлежащего качества, если указанный товар не подошел по форме, габаритам, фасону, расцветке, размеру или комплектации, в течение 14 дней. В итоге с ООО «Архитектория» взыскана стоимость дивана — 53,5 тыс. рублей, 5 тыс. рублей компенсации морального вреда, штраф в размере 29,2 тыс. рублей. В удовлетворении остальной части исковых требований было отказано. Но ответчик не согласился с решением суд и подал апелляцию, в жалобе он указал, что истцом заявлены требования не к тому ответчику, что в деле имеется кассовый чек об оплате товара иному юрлицу — ООО «Архитектор». Но коллегия по гражданским делам облсуда оставила решение Орджоникидзевского районного суда без изменений, так как довод ответчика не соответствует действительности. «Договор купли-продажи был заключен между истцом и ответчиком ООО „Архитектория“, что подтверждается как самим договором, так и кассовым чеком об оплате приобретенного товара. Кроме того, директором ООО „Архитектор“ и ООО „Архитектория“ является одно и то же лицо», — добавили в пресс-службе Свердловского областного суда.Хочешь, чтобы в стране были независимые СМИ? Поддержи Znak.com","https://img.znak.com/1075750.jpg"
32,"https://www.znak.com/2021-06-17/tyumenskaya_oblast_zaplatit_5_mlrd_firme_bobrova_i_bikova_iz_za_vyrosshego_tarifa_na_musor","2021-06-17 08:56:39","ЭкологияТюменская область заплатит ₽300 млн фирме Боброва и Бикова из-за выросшего тарифа на мусор
Из бюджета Тюменской области будет потрачено более 300 млн рублей в качестве субсидии региональному «мусорному» оператору ООО «ТЭО». Эти деньги пойдут на возмещение выпадающих доходов «ТЭО» из-за компенсации сверхроста тарифа на мусор. Об этом говорится в пояснительной записке к закону о льготах на «мусорные» тарифы для физлиц и садоводческих обществ. Документ депутаты приняли на заседании сегодня, 17 июня.Так, с 1 июля «экономически обоснованный тариф» для «мусорного» оператора вырастет на 35,2%. Установленный, как ранее сообщалось, вырастет на 9,8% — до 6 905 рублей за тонну мусора. Для жителей города — физлиц плата за обращение с отходами вырастет на 3,4% за счет компенсации части затрат ресурсоснабжающей организации из бюджета.Садоводы будут платить тариф так же, как и физлица, — 6,9 тыс. рублей за тонну.ООО «ТЭО» связывают с уральскими энергетиками Артемом Биковым и Алексеем Бобровым. Помимо «ТЭО» бизнесмены аффилированы с единой теплоснабжающей организацией Тюмени АО «УСТЭК», энергосбытовой компанией «Восток», через которую жители платят за свет и которая начисляет плату за мусор. «Востоку», по данным СПАРК, принадлежит 49% Тюменского расчетного информационного центра (ТРИЦ), через который тюменцы платят за коммунальные услуги по единому счету.Компания обратилась в правительство региона с просьбой поднять тариф в связи с вводом в строй мусоросортировочного завода в Ишиме на 25 тыс. тонн в год (обслуживает 11 муниципалитетов) и мусороперегрузочной станции в Ялуторовске (девять муниципалитетов). Они были запланированы в концессионном соглашении регоператора «ТЭО» с правительством региона, но расходы на их обслуживание не были заложены в тариф на 2021 год. Хочешь, чтобы в стране были независимые СМИ? Поддержи Znak.com","https://img.znak.com/1075742.jpg"
33,"https://www.znak.com/2021-06-17/vrio_glavy_kurgana_poluchila_predstavlenie_prokuratury_iz_za_plohih_dorog_v_gorode","2021-06-17 08:55:59","Врио главы Кургана получила представление прокуратуры из-за плохих дорог в городе
Врио главы Кургана Елена Ситникова получила представление прокуратуры города с требованием устранить нарушения законодательства в сфере безопасности дорожного движения на ряде городских улиц. Об этом сегодня сообщает пресс-служба надзорного ведомства региона. В облпрокуратуре уточнили, что во время соответствующей проверки было выявлено, что на покрытии проезжей части по улице Ленина до дома № 37а, улице 1-я Камышная в районе дома № 58, улице Бородина на участке от улицы Челябинская до улицы Гайдара, улице Видная у дома № 4 и улице Садовая у дома № 28 в микрорайоне Утяк, на перекрестке улиц Хвойная и Ракитовая в микрорайоне Черемухово есть повреждения: выбоины и просадки, параметры которых превышают предельно допустимые размеры, установленные гостами. Согласно актам выявленных недостатков в содержании дорог, дорожных сооружений и технических средств организации дорожного движения, составленных госинспектором ОГИБДД УМВД России по Кургану, установлено, что вышеуказанные участки автомобильных дорог без проведения ремонтно-восстановительных работ не пригодны для движения автотранспорта, так как затрудняют движение транспортных средств с разрешенной скоростью, отмечено в сообщении облпрокуратуры. Хочешь, чтобы в стране были независимые СМИ? Поддержи Znak.com","https://img.znak.com/1075740.jpg"
34,"https://www.znak.com/2021-06-17/v_chelyabinskoy_oblasti_iz_za_covid_19_otmenili_eche_odin_festival_bushuevskiy","2021-06-17 08:49:16","В Челябинской области из-за COVID-19 отменили еще один фестиваль — Бушуевский
Бушуевский фестиваль в Златоусте, который планировали на 17–18 июля, отменен по рекомендации Роспотребнадзора и в целях недопущения роста заболеваемости коронавирусом, сообщает пресс-служба администрации города. В этом году фестиваль оружейников проходить не будет. Всероссийский Бушуевский фестиваль — масштабное традиционное мероприятие, на которое в Златоуст съезжаются оружейники, кузнецы, мастера декоративно-прикладного народного творчества со всей страны. В 2019 году общее число посетителей составило более 30 тыс. человек. В 2020 году Бушуевский фестиваль также был отменен из-за ковида. Добавим, что накануне стало известно об отмене Ильменского фестиваля авторской песни, а также о переносе ориентировочно на август Бажовского фестиваля народного творчества. Решение назвали превентивной мерой, чтобы не допустить большого скопления людей и риска распространения COVID-19.  По празднованию Сабантуя информации пока нет. Хочешь, чтобы в стране были независимые СМИ? Поддержи Znak.com","https://img.znak.com/1075746.jpg"
35,"https://www.znak.com/2021-06-17/proekt_prepodavatel_fiziki_v_sunc_pri_mgu_godami_domogalsya_do_uchenikov_malchikov","2021-06-17 08:47:37","«Проект»: преподаватель физики в СУНЦ при МГУ годами домогался до учеников-мальчиков
Бывшие ученики СУНЦ при МГУ (физико-математическая школа для одаренных детей, входящая в топ-5 лучших школ России) рассказали о домогательствах и действиях сексуального характера со стороны преподавателя физики Сергея Сергеева. Расследование публикует издание «Проект», к которому обратился бывший ученик Сергеева. После обращения журналисты опросили еще несколько десятков выпускников СУНЦа разных лет, учившихся у этого педагога. Сразу восемь человек сказали, что о Сергееве ходили подобные слухи. Сергеев возглавлял туристический клуб при лицее и ходил с учениками в походы. По данным «Проекта», в 1995 году в походе учитель предложил одному из учеников сфотографироваться без одежды. Выпускник 1998 года Андрей рассказал изданию, что ходил в поход с Сергеевым в 1997 году. Тогда преподаватель тоже фотографировал учеников обнаженными. Выпускник школы Александр Миниович вспоминает поход по Керети такими словами: «Он всех голыми сфотографировал, у нас у каждого потом были фотографии распечатанные в полный рост — голые на фоне деревьев. Для этой фотографии нужно было специально раздеться: мы отходили в сторону, он метров с пяти-семи снимал. Он объяснял: эти фотографии навсегда останутся у нас, мы запомним, какими мы были». В общей сложности о фотографировании голыми «Проекту» рассказали 12 бывших учеников физика. Последний снимок ученика без одежды, о котором известно «Проекту», был сделан Сергеевым летом 2013 года.Также Сергеев, по рассказам бывших учеников, проводил осмотры обнаженных мальчиков. Например, в походе 2000 года он предложил 16-летнему школьнику в походе осмотреть его мошонку и в ходе тактильного обследования рассказал, что у того не опущены яички — ни один из врачей, к которым позже обращался юноша, этого не подтвердил.Во время ночевок в палатках Сергеев якобы совершал сексуальные действия по отношению к ученикам. Например, один из героев материала Николай рассказывает, что Сергеев сначала делал ему массаж спины, затем коснулся пениса, а после стал мастурбировать ему. «В какой-то момент я перевернулся на бок, он это воспринял как отказ. Я точно не показывал, что мне этого хочется», —рассказал Николай. «Проект» разыскал еще шестерых детей, по отношению к которым Сергеев совершал сексуальные действия вопреки их желанию. Подобные случаи были не только в походах, но и в учебных классах и дома у Сергеева. Бывшие директора СУНЦа (за время работы Сергеева их сменилось девять) не ответили на вопросы «Проекта». Только один экс-директор, Юрий Николаев, бывший в должности в 2013 году, сказал, что жалоб на Сергеева ему не поступало. Нынешний глава СУНЦа Кирилл Семенов сообщил, что тоже не получал жалоб ни от учеников, ни от учителей. Официальная позиция школы: Сергеев будет уволен, как только его осудят, но, если дело будет возбуждено, его могут перевести на методическую должность до того момента, пока он не докажет, что обвинения ложны. Проводить внутреннюю проверку по изложенным «Проектом» фактам, разговаривать с выпускниками и просить объяснений от учителя в школе не планируют, поскольку не имеют «полномочий на проведение следственных действий».Издание обращалось за комментариями и к самому Сергееву. Тот сообщил, что знает о подготовке текста, обещал встретиться и ответить на вопросы лично, затем отменил встречу и обещал, что ответит письменно, но в итоге ничего не прокомментировал. Хочешь, чтобы в стране были независимые СМИ? Поддержи Znak.com","https://img.znak.com/1075731.jpg"
36,"https://www.znak.com/2021-06-17/na_yamale_passazhirskiy_teplohod_stolknulsya_s_barzhey_prokuratura_nachala_proverku","2021-06-17 08:47:05","На Ямале пассажирский теплоход столкнулся с баржей. Прокуратура начала проверку
Новоуренгойская транспортная прокуратура начала проверку инцидента с пассажирским теплоходом «Фарман Салманов». Как сообщили в ведомстве, 14 июня на участке шестого километра реки Собь теплоход столкнулся с баржей МП-3260.Столкновение произошло в ходе швартовки теплохода к пассажирскому причалу в поселке Катравож. В результате у теплохода в районе кормового пассажирского салона образовалась вмятина. Никто не пострадал, загрязнения вод также не произошло. Владельцем «Фармана Салманова» является ООО «Северречфлот».Хочешь, чтобы в стране были независимые СМИ? Поддержи Znak.com","https://img.znak.com/1075728.jpg"
37,"https://www.znak.com/2021-06-17/ural_zakupil_u_kitaya_rekordnoe_kolichestvo_semechek_na_vnutrennem_rynke_deficit","2021-06-17 08:45:50","Урал закупил у Китая рекордное количество семечек. На внутреннем рынке — дефицит
Таможенники зафиксировали взрывной рост поставок семечек из Китая на Урал. С начала июня в Екатеринбург пришли и были оформлены 72 железнодорожных контейнера (1,5 тыс. тонн) с семенами подсолнечника, сообщает отдел по связям с общественностью Уральского таможенного управления. По словам начальника  управления Алексея Фролова, в ближайший месяц ожидается поступление еще 150 контейнеров с семечками. «Для Уральского региона товар крайне специфичен. По сравнению с прошлым годом объем импорта увеличился на 75%, с начала года на Урал поставлено 3,6 тыс. тонн продукции», — прокомментировал Алексей Фролов.Такой рекордный рост поставок семян подсолнечника объясняется дефицитом сырья на внутреннем рынке. Нехваткой семян объясняется прежде всего рост цен на масло, который наблюдается в стране с прошлого года. Стоимость 1,5 тыс. тонн семечек может составлять до 2 млн долларов.По словам начальника отдела надзора за качеством зерна и семенного контроля управления Россельхознадзора по Свердловской области Зухры Барбаковой, китайские семечки проверили на зараженность вредителями, митотоксины и тяжелые металлы. По результатам исследований, проведенных в Свердловском референтном центре Россельхознадзора, вся продукция соответствует требованиям технических регламентов на масличные культуры.Хочешь, чтобы в стране были независимые СМИ? Поддержи Znak.com","https://img.znak.com/1075721.jpg"
38,"https://www.znak.com/2021-06-17/pri_obyske_v_kvartire_reznika_izyali_kulinarnye_vesy_ego_zheny_deputata_vezut_na_dopros","2021-06-17 08:45:43","При обыске в квартире Резника изъяли кулинарные весы его жены. Депутата везут на допрос
У супруги депутата Законодательного собрания Петербурга Максима Резника, Ксении, во время обысков в их квартире изъяли кулинарные весы и ключи от банковских ячеек. Об этом сообщает телеграм-канал «Ротонда», отмечая, что у супруги парламентария диагностирован коронавирус и она находится дома на самоизоляции. При проведении обыска ей предъявили документы, в которых упомянуто уголовное дело о наркотиках, найденных в квартире дальнего родственника депутата Ивана Дорофеева. Самого Резника, находившегося на даче, везут на допрос.О том, что к депутату пришли силовики для проведения следственных действий,  стало известно сегодня утром. Сначала сообщалось, что обыски проходят в квартире Резника. Позже его адвокат заявил, что силовики пришли не только домой к его подзащитному, но и на дачу и в квартиру к его маме. В марте родственника Максима Резника Ивана Дорофеева арестовали по делу о покушении на незаконный сбыт наркотиков. За день до этого силовики пришли к Дорофееву с обыском, Резник столкнулся с ними в дверях. Задерживать депутата не стали. Позже его несколько раз вызывали на допрос, а затем на очную ставку. Сам Резник связывает происходящее с нежеланием допустить его в парламент.Хочешь, чтобы в стране были независимые СМИ? Поддержи Znak.com","https://img.znak.com/1046019.jpg"
39,"https://www.znak.com/2021-06-17/v_lenoblasti_vremenno_zakryli_lager_mechta_v_kotorom_deti_ostalis_bez_vozhatyh","2021-06-17 08:45:31","В Ленобласти временно закрыли лагерь «Мечта», в котором дети остались без вожатых
Работу детского лагеря «Мечта» в Ленобласти приостановили на 90 дней, сообщил заместитель главы комитета по образованию Андрей Борщевский в эфире телеканала «Санкт-Петербург». «Как только возник вопрос о возможном риске здоровью и жизни детей, то решением суда и правительства Санкт-Петербурга дети были в одни день вывезены из лагеря. Сейчас детей нет в лагере», — рассказал чиновник.Следственные органы продолжают проверку.Ранее стало известно, что родители начали массово забирать детей из «Мечты». В группе лагеря в соцсети «ВКонтакте» сообщали, что там не было вожатых в течение недели, а до детей было невозможно дозвониться. Бабушка одного из мальчиков рассказала, что у него постоянно болит голова, потому что его «бьют о  стену». Как говорил начальник лагеря Евгений Кунин, в учреждении были проблемы, так как воспитатели не могли справиться с «группировкой» детей из неблагополучной семьи. Следственный отдел СК Ленобласти по городу Приозерску возбудил уголовное дело об указании услуг, не отвечающих требованиям безопасности (пункт «а» части 2 статьи 238 УК РФ).Хочешь, чтобы в стране были независимые СМИ? Поддержи Znak.com","https://img.znak.com/1066855.jpg"
40,"https://www.znak.com/2021-06-17/v_tyumeni_v_odnom_prudu_v_odin_vecher_utonuli_podrostok_i_molodoy_chelovek","2021-06-17 08:38:27","В Тюмени в одном пруду в один вечер утонули подросток и молодой человек
В Тюмени следователи проводят проверку по факту гибели двух человек: на одном из городских прудов утонули 16-летний подросток и 23-летний мужчина, сообщает пресс-служба областного управления СКР.По предварительным данным, подросток поехал 16 июня отдыхать на озеро с группой сверстников в сопровождении взрослых. Но пока отдыхали — мальчик пропал. В ходе поисков 17 июня около 10 часов утра его тело было обнаружено в водоеме.Вечером того же числа с другой стороны пруда искупаться решил 23-летний мужчина. Там стояли знаки «Купание запрещено». Он доплыл до середины пруда и утонул. Источник Znak.com сообщил, что оба инцидента произошли на пруду Лесном на Войновке.Хочешь, чтобы в стране были независимые СМИ? Поддержи Znak.com","https://img.znak.com/1075719.jpg"
